Windspeed (m/s), Pitch, Voltage (V), Current (A), Power (W), RPM, R Load (Ohms), Resistance (ohm)
6.00,1100.00,4.65,0.45,2.10,18777.50,10.00,10.00
6.00,1100.00,4.71,0.45,2.11,902.50,10.00,10.00
6.00,1100.00,4.74,0.46,2.15,902.50,10.00,10.00
6.00,1100.00,4.80,0.46,2.19,897.50,10.00,10.00
6.00,1100.00,4.68,0.45,2.10,905.00,10.00,10.00
6.00,1100.00,4.70,0.45,2.09,892.50,10.00,10.00
6.00,1100.00,4.71,0.45,2.11,897.50,10.00,10.00
6.00,1100.00,4.70,0.46,2.18,900.00,10.00,10.00
6.00,1100.00,4.70,0.44,2.10,892.50,10.00,10.00
6.00,1100.00,4.78,0.45,2.14,897.50,10.00,10.00
6.00,1100.00,4.68,0.45,2.09,905.00,10.00,10.00
6.00,1100.00,4.81,0.46,2.23,900.00,10.00,10.00
6.00,1100.00,4.74,0.45,2.14,905.00,10.00,10.00
6.00,1100.00,4.72,0.45,2.11,905.00,10.00,10.00
6.00,1100.00,4.67,0.45,2.07,915.00,10.00,10.00
6.00,1100.00,4.68,0.45,2.12,895.00,10.00,10.00
6.00,1100.00,4.74,0.45,2.11,897.50,10.00,10.00
6.00,1100.00,4.73,0.45,2.12,920.00,10.00,10.00
6.00,1100.00,4.72,0.46,2.16,907.50,10.00,10.00
6.00,1100.00,4.78,0.45,2.15,897.50,10.00,10.00
6.00,1150.00,4.70,0.45,2.07,895.00,10.00,10.00
6.00,1150.00,4.57,0.44,2.01,885.00,10.00,10.00
6.00,1150.00,4.57,0.44,2.00,875.00,10.00,10.00
6.00,1150.00,4.52,0.44,1.98,867.50,10.00,10.00
6.00,1150.00,4.53,0.43,1.97,870.00,10.00,10.00
6.00,1150.00,4.49,0.43,1.92,867.50,10.00,10.00
6.00,1150.00,4.47,0.43,1.92,860.00,10.00,10.00
6.00,1150.00,4.47,0.42,1.89,872.50,10.00,10.00
6.00,1150.00,4.46,0.42,1.88,865.00,10.00,10.00
6.00,1150.00,4.43,0.42,1.87,852.50,10.00,10.00
6.00,1150.00,4.41,0.42,1.87,872.50,10.00,10.00
6.00,1150.00,4.44,0.43,1.91,860.00,10.00,10.00
6.00,1150.00,4.42,0.42,1.88,852.50,10.00,10.00
6.00,1150.00,4.45,0.42,1.88,852.50,10.00,10.00
6.00,1150.00,4.47,0.43,1.87,850.00,10.00,10.00
6.00,1150.00,4.41,0.43,1.88,852.50,10.00,10.00
6.00,1150.00,4.43,0.43,1.88,857.50,10.00,10.00
6.00,1150.00,4.43,0.42,1.89,857.50,10.00,10.00
6.00,1150.00,4.44,0.42,1.87,855.00,10.00,10.00
6.00,1180.00,4.35,0.42,1.80,850.00,10.00,10.00
6.00,1180.00,4.30,0.41,1.75,835.00,10.00,10.00
6.00,1180.00,4.23,0.40,1.70,827.50,10.00,10.00
6.00,1180.00,4.17,0.39,1.64,812.50,10.00,10.00
6.00,1180.00,4.07,0.39,1.57,802.50,10.00,10.00
6.00,1180.00,4.00,0.38,1.54,805.00,10.00,10.00
6.00,1180.00,3.92,0.38,1.50,787.50,10.00,10.00
6.00,1180.00,3.88,0.38,1.48,785.00,10.00,10.00
6.00,1180.00,3.89,0.37,1.42,780.00,10.00,10.00
6.00,1180.00,3.86,0.37,1.46,770.00,10.00,10.00
6.00,1180.00,3.83,0.37,1.42,782.50,10.00,10.00
6.00,1180.00,3.82,0.37,1.43,777.50,10.00,10.00
6.00,1180.00,3.84,0.37,1.40,770.00,10.00,10.00
6.00,1180.00,3.83,0.37,1.41,767.50,10.00,10.00
6.00,1180.00,3.86,0.37,1.42,765.00,10.00,10.00
6.00,1180.00,3.83,0.36,1.38,765.00,10.00,10.00
6.00,1180.00,3.82,0.37,1.40,762.50,10.00,10.00
6.00,1180.00,3.83,0.37,1.40,762.50,10.00,10.00
6.00,1180.00,3.87,0.37,1.42,767.50,10.00,10.00
6.00,1200.00,3.73,0.36,1.32,765.00,10.00,10.00
6.00,1200.00,3.70,0.35,1.28,750.00,10.00,10.00
6.00,1200.00,3.66,0.34,1.24,737.50,10.00,10.00
6.00,1200.00,3.55,0.34,1.24,730.00,10.00,10.00
6.00,1200.00,3.45,0.33,1.15,725.00,10.00,10.00
6.00,1200.00,3.38,0.32,1.10,705.00,10.00,10.00
6.00,1200.00,3.36,0.32,1.08,702.50,10.00,10.00
6.00,1200.00,3.32,0.32,1.08,695.00,10.00,10.00
6.00,1200.00,3.29,0.32,1.06,695.00,10.00,10.00
6.00,1200.00,3.29,0.31,1.02,685.00,10.00,10.00
6.00,1200.00,3.38,0.32,1.05,685.00,10.00,10.00
6.00,1200.00,3.34,0.32,1.06,685.00,10.00,10.00
6.00,1200.00,3.39,0.31,1.04,680.00,10.00,10.00
6.00,1200.00,3.36,0.31,1.04,690.00,10.00,10.00
6.00,1200.00,3.37,0.31,1.09,682.50,10.00,10.00
6.00,1200.00,3.39,0.31,1.08,682.50,10.00,10.00
6.00,1200.00,3.36,0.31,1.08,680.00,10.00,10.00
6.00,1200.00,3.27,0.31,1.01,680.00,10.00,10.00
6.00,1200.00,3.38,0.32,1.06,685.00,10.00,10.00
6.00,1250.00,3.11,0.30,0.93,692.50,10.00,10.00
6.00,1250.00,2.92,0.28,0.84,655.00,10.00,10.00
6.00,1250.00,2.89,0.26,0.73,627.50,10.00,10.00
6.00,1250.00,2.78,0.25,0.67,607.50,10.00,10.00
6.00,1250.00,2.55,0.26,0.65,592.50,10.00,10.00
6.00,1250.00,2.54,0.23,0.56,565.00,10.00,10.00
6.00,1250.00,2.32,0.24,0.56,552.50,10.00,10.00
6.00,1250.00,2.44,0.22,0.50,540.00,10.00,10.00
6.00,1250.00,2.33,0.22,0.52,532.50,10.00,10.00
6.00,1250.00,2.18,0.22,0.49,530.00,10.00,10.00
6.00,1250.00,2.30,0.20,0.46,520.00,10.00,10.00
6.00,1250.00,2.27,0.21,0.49,520.00,10.00,10.00
6.00,1250.00,2.29,0.20,0.45,517.50,10.00,10.00
6.00,1250.00,2.30,0.20,0.47,520.00,10.00,10.00
6.00,1250.00,2.23,0.19,0.44,510.00,10.00,10.00
6.00,1250.00,2.08,0.21,0.45,512.50,10.00,10.00
6.00,1250.00,2.06,0.21,0.44,507.50,10.00,10.00
6.00,1250.00,2.23,0.19,0.44,505.00,10.00,10.00
6.00,1250.00,2.22,0.20,0.44,505.00,10.00,10.00
6.00,1300.00,1.96,0.20,0.40,502.50,10.00,10.00
6.00,1300.00,1.78,0.19,0.32,477.50,10.00,10.00
6.00,1300.00,1.86,0.16,0.28,457.50,10.00,10.00
6.00,1300.00,1.53,0.17,0.26,437.50,10.00,10.00
6.00,1300.00,1.59,0.14,0.22,422.50,10.00,10.00
6.00,1300.00,1.51,0.14,0.20,412.50,10.00,10.00
6.00,1300.00,1.36,0.15,0.19,402.50,10.00,10.00
6.00,1300.00,1.31,0.14,0.18,397.50,10.00,10.00
6.00,1300.00,1.31,0.14,0.18,392.50,10.00,10.00
6.00,1300.00,1.41,0.12,0.18,390.00,10.00,10.00
6.00,1300.00,1.31,0.14,0.18,392.50,10.00,10.00
6.00,1300.00,1.45,0.12,0.17,387.50,10.00,10.00
6.00,1300.00,1.45,0.12,0.17,385.00,10.00,10.00
6.00,1300.00,1.46,0.12,0.17,385.00,10.00,10.00
6.00,1300.00,1.24,0.14,0.18,385.00,10.00,10.00
6.00,1300.00,1.43,0.12,0.17,385.00,10.00,10.00
6.00,1300.00,1.22,0.13,0.17,385.00,10.00,10.00
6.00,1300.00,1.37,0.12,0.17,385.00,10.00,10.00
6.00,1300.00,1.40,0.12,0.17,385.00,10.00,10.00
6.00,1350.00,1.20,0.13,0.15,382.50,10.00,10.00
6.00,1350.00,1.31,0.10,0.13,370.00,10.00,10.00
6.00,1350.00,1.19,0.09,0.12,355.00,10.00,10.00
6.00,1350.00,1.03,0.10,0.10,345.00,10.00,10.00
6.00,1350.00,0.88,0.10,0.09,335.00,10.00,10.00
6.00,1350.00,0.96,0.08,0.09,327.50,10.00,10.00
6.00,1350.00,0.88,0.09,0.08,322.50,10.00,10.00
6.00,1350.00,1.01,0.08,0.08,320.00,10.00,10.00
6.00,1350.00,0.91,0.09,0.06,315.00,10.00,10.00
6.00,1350.00,0.97,0.07,0.08,315.00,10.00,10.00
6.00,1350.00,0.97,0.07,0.08,315.00,10.00,10.00
6.00,1350.00,0.86,0.09,0.06,312.50,10.00,10.00
6.00,1350.00,0.91,0.07,0.08,312.50,10.00,10.00
6.00,1350.00,0.83,0.09,0.08,312.50,10.00,10.00
6.00,1350.00,0.94,0.07,0.08,312.50,10.00,10.00
6.00,1350.00,0.95,0.08,0.06,312.50,10.00,10.00
6.00,1350.00,0.77,0.09,0.08,312.50,10.00,10.00
6.00,1350.00,0.96,0.07,0.06,312.50,10.00,10.00
6.00,1350.00,0.89,0.07,0.08,312.50,10.00,10.00
6.00,1400.00,0.73,0.08,0.06,310.00,10.00,10.00
6.00,1400.00,0.68,0.08,0.06,300.00,10.00,10.00
6.00,1400.00,0.64,0.07,0.04,285.00,10.00,10.00
6.00,1400.00,0.66,0.06,0.04,275.00,10.00,10.00
6.00,1400.00,0.49,0.06,0.04,265.00,10.00,10.00
6.00,1400.00,0.46,0.05,0.03,260.00,10.00,10.00
6.00,1400.00,0.52,0.06,0.03,255.00,10.00,10.00
6.00,1400.00,0.47,0.05,0.03,252.50,10.00,10.00
6.00,1400.00,0.55,0.04,0.03,250.00,10.00,10.00
6.00,1400.00,0.50,0.04,0.03,247.50,10.00,10.00
6.00,1400.00,0.51,0.04,0.03,250.00,10.00,10.00
6.00,1400.00,0.55,0.04,0.03,247.50,10.00,10.00
6.00,1400.00,0.52,0.05,0.03,247.50,10.00,10.00
6.00,1400.00,0.42,0.04,0.03,247.50,10.00,10.00
6.00,1400.00,0.41,0.04,0.03,247.50,10.00,10.00
6.00,1400.00,0.48,0.05,0.01,245.00,10.00,10.00
6.00,1400.00,0.55,0.04,0.03,247.50,10.00,10.00
6.00,1400.00,0.40,0.05,0.03,245.00,10.00,10.00
6.00,1400.00,0.53,0.03,0.01,247.50,10.00,10.00
6.00,1450.00,0.46,0.03,0.01,247.50,10.00,10.00
6.00,1450.00,0.41,0.03,0.01,237.50,10.00,10.00
6.00,1450.00,0.30,0.03,0.01,227.50,10.00,10.00
6.00,1450.00,0.36,0.03,0.01,220.00,10.00,10.00
6.00,1450.00,0.22,0.02,0.01,215.00,10.00,10.00
6.00,1450.00,0.28,0.03,0.01,210.00,10.00,10.00
6.00,1450.00,0.27,0.01,0.00,205.00,10.00,10.00
6.00,1450.00,0.22,0.02,0.00,207.50,10.00,10.00
6.00,1450.00,0.29,0.02,0.01,205.00,10.00,10.00
6.00,1450.00,0.19,0.01,0.00,202.50,10.00,10.00
6.00,1450.00,0.17,0.02,0.00,202.50,10.00,10.00
6.00,1450.00,0.21,0.01,0.00,200.00,10.00,10.00
6.00,1450.00,0.28,0.02,0.00,200.00,10.00,10.00
6.00,1450.00,0.20,0.02,0.00,200.00,10.00,10.00
6.00,1450.00,0.19,0.02,0.00,202.50,10.00,10.00
6.00,1450.00,0.23,0.01,0.00,202.50,10.00,10.00
6.00,1450.00,0.25,0.01,0.00,200.00,10.00,10.00
6.00,1450.00,0.25,0.01,0.00,202.50,10.00,10.00
6.00,1450.00,0.19,0.01,0.00,202.50,10.00,10.00
6.00,1450.00,0.17,0.02,0.00,202.50,10.00,10.00
6.00,1480.00,0.23,0.01,0.00,200.00,10.00,10.00
6.00,1480.00,0.22,0.02,0.00,192.50,10.00,10.00
6.00,1480.00,0.15,0.01,0.00,185.00,10.00,10.00
6.00,1480.00,0.17,0.01,0.00,180.00,10.00,10.00
6.00,1480.00,0.07,0.01,0.00,177.50,10.00,10.00
6.00,1480.00,0.13,0.01,0.00,175.00,10.00,10.00
6.00,1480.00,0.10,0.01,0.00,175.00,10.00,10.00
6.00,1480.00,0.11,0.00,0.00,172.50,10.00,10.00
6.00,1480.00,0.12,0.00,0.00,172.50,10.00,10.00
6.00,1480.00,0.11,0.01,0.00,172.50,10.00,10.00
6.00,1480.00,0.08,0.00,0.00,170.00,10.00,10.00
6.00,1480.00,0.09,0.01,0.00,170.00,10.00,10.00
6.00,1480.00,0.13,0.01,0.00,170.00,10.00,10.00
6.00,1480.00,0.09,0.00,0.00,172.50,10.00,10.00
6.00,1480.00,0.07,0.01,0.00,172.50,10.00,10.00
6.00,1480.00,0.13,0.01,0.00,170.00,10.00,10.00
6.00,1480.00,0.11,0.00,0.00,170.00,10.00,10.00
6.00,1480.00,0.09,0.00,0.00,170.00,10.00,10.00
6.00,1480.00,0.07,0.00,0.00,170.00,10.00,10.00
6.00,1100.00,0.16,0.01,0.00,175.00,15.00,15.00
6.00,1100.00,0.27,0.01,0.00,187.50,15.00,15.00
6.00,1100.00,0.42,0.01,0.01,207.50,15.00,15.00
6.00,1100.00,0.59,0.04,0.01,237.50,15.00,15.00
6.00,1100.00,0.87,0.04,0.04,270.00,15.00,15.00
6.00,1100.00,1.12,0.06,0.06,312.50,15.00,15.00
6.00,1100.00,1.38,0.08,0.12,357.50,15.00,15.00
6.00,1100.00,1.68,0.11,0.19,412.50,15.00,15.00
6.00,1100.00,2.06,0.14,0.28,472.50,15.00,15.00
6.00,1100.00,2.45,0.14,0.37,527.50,15.00,15.00
6.00,1100.00,2.89,0.17,0.45,575.00,15.00,15.00
6.00,1100.00,3.13,0.18,0.56,620.00,15.00,15.00
6.00,1100.00,3.47,0.20,0.68,667.50,15.00,15.00
6.00,1100.00,3.63,0.22,0.79,705.00,15.00,15.00
6.00,1100.00,3.92,0.23,0.92,757.50,15.00,15.00
6.00,1100.00,4.18,0.25,1.05,785.00,15.00,15.00
6.00,1100.00,4.34,0.26,1.14,825.00,15.00,15.00
6.00,1100.00,4.56,0.27,1.24,842.50,15.00,15.00
6.00,1100.00,4.62,0.27,1.27,857.50,15.00,15.00
6.00,1150.00,4.81,0.29,1.38,897.50,15.00,15.00
6.00,1150.00,4.76,0.28,1.37,890.00,15.00,15.00
6.00,1150.00,4.73,0.29,1.38,895.00,15.00,15.00
6.00,1150.00,4.82,0.29,1.38,902.50,15.00,15.00
6.00,1150.00,4.81,0.29,1.40,900.00,15.00,15.00
6.00,1150.00,4.79,0.29,1.37,895.00,15.00,15.00
6.00,1150.00,4.81,0.29,1.41,895.00,15.00,15.00
6.00,1150.00,4.82,0.29,1.38,895.00,15.00,15.00
6.00,1150.00,4.84,0.29,1.38,905.00,15.00,15.00
6.00,1150.00,4.82,0.29,1.38,902.50,15.00,15.00
6.00,1150.00,4.86,0.29,1.41,910.00,15.00,15.00
6.00,1150.00,4.82,0.29,1.41,910.00,15.00,15.00
6.00,1150.00,4.91,0.29,1.46,920.00,15.00,15.00
6.00,1150.00,4.87,0.29,1.43,920.00,15.00,15.00
6.00,1150.00,4.90,0.30,1.47,907.50,15.00,15.00
6.00,1150.00,4.86,0.29,1.45,907.50,15.00,15.00
6.00,1150.00,4.97,0.30,1.47,927.50,15.00,15.00
6.00,1150.00,4.97,0.30,1.48,925.00,15.00,15.00
6.00,1150.00,4.92,0.30,1.46,927.50,15.00,15.00
6.00,1180.00,4.92,0.29,1.46,917.50,15.00,15.00
6.00,1180.00,4.80,0.29,1.40,907.50,15.00,15.00
6.00,1180.00,4.78,0.29,1.37,897.50,15.00,15.00
6.00,1180.00,4.64,0.28,1.31,885.00,15.00,15.00
6.00,1180.00,4.58,0.27,1.25,877.50,15.00,15.00
6.00,1180.00,4.51,0.27,1.22,860.00,15.00,15.00
6.00,1180.00,4.48,0.27,1.22,850.00,15.00,15.00
6.00,1180.00,4.39,0.27,1.18,842.50,15.00,15.00
6.00,1180.00,4.38,0.26,1.16,840.00,15.00,15.00
6.00,1180.00,4.34,0.26,1.13,827.50,15.00,15.00
6.00,1180.00,4.31,0.26,1.10,822.50,15.00,15.00
6.00,1180.00,4.22,0.26,1.09,820.00,15.00,15.00
6.00,1180.00,4.18,0.25,1.06,815.00,15.00,15.00
6.00,1180.00,4.24,0.25,1.05,810.00,15.00,15.00
6.00,1180.00,4.20,0.25,1.08,802.50,15.00,15.00
6.00,1180.00,4.15,0.25,1.05,807.50,15.00,15.00
6.00,1180.00,4.18,0.25,1.05,807.50,15.00,15.00
6.00,1180.00,4.20,0.25,1.05,807.50,15.00,15.00
6.00,1180.00,4.22,0.25,1.06,802.50,15.00,15.00
6.00,1200.00,4.15,0.25,1.02,815.00,15.00,15.00
6.00,1200.00,4.09,0.25,1.01,802.50,15.00,15.00
6.00,1200.00,4.08,0.24,1.00,790.00,15.00,15.00
6.00,1200.00,3.97,0.23,0.92,777.50,15.00,15.00
6.00,1200.00,3.92,0.24,0.91,767.50,15.00,15.00
6.00,1200.00,3.86,0.23,0.90,760.00,15.00,15.00
6.00,1200.00,3.78,0.23,0.86,757.50,15.00,15.00
6.00,1200.00,3.75,0.22,0.84,745.00,15.00,15.00
6.00,1200.00,3.71,0.22,0.82,735.00,15.00,15.00
6.00,1200.00,3.71,0.22,0.82,730.00,15.00,15.00
6.00,1200.00,3.64,0.22,0.81,727.50,15.00,15.00
6.00,1200.00,3.60,0.22,0.78,722.50,15.00,15.00
6.00,1200.00,3.62,0.22,0.78,722.50,15.00,15.00
6.00,1200.00,3.61,0.22,0.78,720.00,15.00,15.00
6.00,1200.00,3.65,0.22,0.78,722.50,15.00,15.00
6.00,1200.00,3.56,0.22,0.78,717.50,15.00,15.00
6.00,1200.00,3.61,0.22,0.81,715.00,15.00,15.00
6.00,1200.00,3.59,0.21,0.76,725.00,15.00,15.00
6.00,1200.00,3.68,0.22,0.78,715.00,15.00,15.00
6.00,1200.00,3.66,0.22,0.79,717.50,15.00,15.00
6.00,1250.00,3.40,0.20,0.65,702.50,15.00,15.00
6.00,1250.00,3.09,0.19,0.63,665.00,15.00,15.00
6.00,1250.00,2.94,0.18,0.52,642.50,15.00,15.00
6.00,1250.00,2.83,0.18,0.50,615.00,15.00,15.00
6.00,1250.00,2.73,0.16,0.42,597.50,15.00,15.00
6.00,1250.00,2.75,0.15,0.42,595.00,15.00,15.00
6.00,1250.00,2.60,0.15,0.38,562.50,15.00,15.00
6.00,1250.00,2.40,0.15,0.37,552.50,15.00,15.00
6.00,1250.00,2.45,0.14,0.36,545.00,15.00,15.00
6.00,1250.00,2.40,0.15,0.33,537.50,15.00,15.00
6.00,1250.00,2.32,0.15,0.32,537.50,15.00,15.00
6.00,1250.00,2.31,0.14,0.33,532.50,15.00,15.00
6.00,1250.00,2.32,0.15,0.33,530.00,15.00,15.00
6.00,1250.00,2.22,0.14,0.33,527.50,15.00,15.00
6.00,1250.00,2.35,0.14,0.31,527.50,15.00,15.00
6.00,1250.00,2.20,0.14,0.33,530.00,15.00,15.00
6.00,1250.00,2.36,0.13,0.32,522.50,15.00,15.00
6.00,1250.00,2.33,0.13,0.32,522.50,15.00,15.00
6.00,1250.00,2.19,0.14,0.32,525.00,15.00,15.00
6.00,1300.00,2.13,0.13,0.27,510.00,15.00,15.00
6.00,1300.00,1.91,0.11,0.22,482.50,15.00,15.00
6.00,1300.00,1.79,0.11,0.19,460.00,15.00,15.00
6.00,1300.00,1.76,0.09,0.17,442.50,15.00,15.00
6.00,1300.00,1.55,0.10,0.15,427.50,15.00,15.00
6.00,1300.00,1.67,0.09,0.14,415.00,15.00,15.00
6.00,1300.00,1.59,0.09,0.14,410.00,15.00,15.00
6.00,1300.00,1.56,0.08,0.13,402.50,15.00,15.00
6.00,1300.00,1.44,0.09,0.13,397.50,15.00,15.00
6.00,1300.00,1.52,0.08,0.13,395.00,15.00,15.00
6.00,1300.00,1.53,0.08,0.12,392.50,15.00,15.00
6.00,1300.00,1.34,0.09,0.12,392.50,15.00,15.00
6.00,1300.00,1.39,0.09,0.12,390.00,15.00,15.00
6.00,1300.00,1.43,0.08,0.12,390.00,15.00,15.00
6.00,1300.00,1.29,0.09,0.12,390.00,15.00,15.00
6.00,1300.00,1.49,0.08,0.12,387.50,15.00,15.00
6.00,1300.00,1.32,0.09,0.12,387.50,15.00,15.00
6.00,1300.00,1.51,0.08,0.12,387.50,15.00,15.00
6.00,1300.00,1.30,0.09,0.12,387.50,15.00,15.00
6.00,1350.00,1.29,0.08,0.10,385.00,15.00,15.00
6.00,1350.00,1.28,0.07,0.09,370.00,15.00,15.00
6.00,1350.00,1.10,0.07,0.08,352.50,15.00,15.00
6.00,1350.00,1.00,0.07,0.06,345.00,15.00,15.00
6.00,1350.00,1.01,0.06,0.06,335.00,15.00,15.00
6.00,1350.00,1.05,0.05,0.06,327.50,15.00,15.00
6.00,1350.00,1.07,0.05,0.05,322.50,15.00,15.00
6.00,1350.00,1.05,0.05,0.05,322.50,15.00,15.00
6.00,1350.00,1.04,0.05,0.05,320.00,15.00,15.00
6.00,1350.00,1.05,0.05,0.05,317.50,15.00,15.00
6.00,1350.00,0.88,0.05,0.05,315.00,15.00,15.00
6.00,1350.00,1.03,0.05,0.05,315.00,15.00,15.00
6.00,1350.00,1.00,0.05,0.05,315.00,15.00,15.00
6.00,1350.00,0.90,0.06,0.05,315.00,15.00,15.00
6.00,1350.00,0.86,0.05,0.05,315.00,15.00,15.00
6.00,1350.00,1.03,0.05,0.05,315.00,15.00,15.00
6.00,1350.00,0.95,0.05,0.05,315.00,15.00,15.00
6.00,1350.00,0.85,0.06,0.05,315.00,15.00,15.00
6.00,1350.00,0.85,0.06,0.05,315.00,15.00,15.00
6.00,1400.00,0.93,0.04,0.04,312.50,15.00,15.00
6.00,1400.00,0.81,0.04,0.04,295.00,15.00,15.00
6.00,1400.00,0.79,0.04,0.03,285.00,15.00,15.00
6.00,1400.00,0.56,0.04,0.03,275.00,15.00,15.00
6.00,1400.00,0.64,0.04,0.03,267.50,15.00,15.00
6.00,1400.00,0.61,0.04,0.03,262.50,15.00,15.00
6.00,1400.00,0.64,0.04,0.01,260.00,15.00,15.00
6.00,1400.00,0.62,0.03,0.01,257.50,15.00,15.00
6.00,1400.00,0.53,0.04,0.01,252.50,15.00,15.00
6.00,1400.00,0.51,0.03,0.01,255.00,15.00,15.00
6.00,1400.00,0.63,0.03,0.01,252.50,15.00,15.00
6.00,1400.00,0.45,0.03,0.01,250.00,15.00,15.00
6.00,1400.00,0.55,0.03,0.01,250.00,15.00,15.00
6.00,1400.00,0.56,0.03,0.01,247.50,15.00,15.00
6.00,1400.00,0.60,0.03,0.01,250.00,15.00,15.00
6.00,1400.00,0.59,0.02,0.01,250.00,15.00,15.00
6.00,1400.00,0.47,0.03,0.01,252.50,15.00,15.00
6.00,1400.00,0.50,0.03,0.01,250.00,15.00,15.00
6.00,1400.00,0.60,0.03,0.01,250.00,15.00,15.00
6.00,1450.00,0.46,0.03,0.01,247.50,15.00,15.00
6.00,1450.00,0.37,0.02,0.01,235.00,15.00,15.00
6.00,1450.00,0.39,0.02,0.01,225.00,15.00,15.00
6.00,1450.00,0.32,0.01,0.00,217.50,15.00,15.00
6.00,1450.00,0.28,0.02,0.01,212.50,15.00,15.00
6.00,1450.00,0.24,0.02,0.00,207.50,15.00,15.00
6.00,1450.00,0.31,0.02,0.00,205.00,15.00,15.00
6.00,1450.00,0.23,0.02,0.00,205.00,15.00,15.00
6.00,1450.00,0.30,0.01,0.00,202.50,15.00,15.00
6.00,1450.00,0.25,0.02,0.00,202.50,15.00,15.00
6.00,1450.00,0.32,0.01,0.00,202.50,15.00,15.00
6.00,1450.00,0.23,0.01,0.00,202.50,15.00,15.00
6.00,1450.00,0.31,0.01,0.00,202.50,15.00,15.00
6.00,1450.00,0.30,0.01,0.00,202.50,15.00,15.00
6.00,1450.00,0.20,0.01,0.00,200.00,15.00,15.00
6.00,1450.00,0.31,0.01,0.00,200.00,15.00,15.00
6.00,1450.00,0.21,0.01,0.00,200.00,15.00,15.00
6.00,1450.00,0.30,0.01,0.00,200.00,15.00,15.00
6.00,1450.00,0.29,0.01,0.00,200.00,15.00,15.00
6.00,1480.00,0.18,0.01,0.00,202.50,15.00,15.00
6.00,1480.00,0.16,0.01,0.00,195.00,15.00,15.00
6.00,1480.00,0.16,0.01,0.00,187.50,15.00,15.00
6.00,1480.00,0.15,0.00,0.00,182.50,15.00,15.00
6.00,1480.00,0.14,0.01,0.00,180.00,15.00,15.00
6.00,1480.00,0.11,0.00,0.00,177.50,15.00,15.00
6.00,1480.00,0.09,0.00,0.00,172.50,15.00,15.00
6.00,1480.00,0.15,0.00,0.00,172.50,15.00,15.00
6.00,1480.00,0.13,0.00,0.00,170.00,15.00,15.00
6.00,1480.00,0.14,0.00,0.00,170.00,15.00,15.00
6.00,1480.00,0.15,0.00,0.00,170.00,15.00,15.00
6.00,1480.00,0.10,0.00,0.00,170.00,15.00,15.00
6.00,1480.00,0.14,0.00,0.00,170.00,15.00,15.00
6.00,1480.00,0.12,0.00,0.00,167.50,15.00,15.00
6.00,1480.00,0.07,0.00,0.00,167.50,15.00,15.00
6.00,1480.00,0.08,0.00,0.00,167.50,15.00,15.00
6.00,1480.00,0.11,0.01,0.00,170.00,15.00,15.00
6.00,1480.00,0.13,0.01,0.00,170.00,15.00,15.00
6.00,1480.00,0.14,0.00,0.00,170.00,15.00,15.00
6.00,1100.00,0.12,0.01,0.00,172.50,18.00,18.00
6.00,1100.00,0.22,0.01,0.00,182.50,18.00,18.00
6.00,1100.00,0.36,0.01,0.00,200.00,18.00,18.00
6.00,1100.00,0.41,0.03,0.01,227.50,18.00,18.00
6.00,1100.00,0.68,0.04,0.03,260.00,18.00,18.00
6.00,1100.00,0.94,0.05,0.05,297.50,18.00,18.00
6.00,1100.00,1.23,0.07,0.09,345.00,18.00,18.00
6.00,1100.00,1.76,0.08,0.14,397.50,18.00,18.00
6.00,1100.00,2.12,0.10,0.23,457.50,18.00,18.00
6.00,1100.00,2.54,0.12,0.29,517.50,18.00,18.00
6.00,1100.00,2.74,0.15,0.37,572.50,18.00,18.00
6.00,1100.00,3.10,0.16,0.50,620.00,18.00,18.00
6.00,1100.00,3.38,0.17,0.58,657.50,18.00,18.00
6.00,1100.00,3.61,0.19,0.69,702.50,18.00,18.00
6.00,1100.00,3.92,0.20,0.78,742.50,18.00,18.00
6.00,1100.00,4.15,0.21,0.90,785.00,18.00,18.00
6.00,1100.00,4.33,0.22,0.99,817.50,18.00,18.00
6.00,1100.00,4.52,0.23,1.05,837.50,18.00,18.00
6.00,1100.00,4.68,0.24,1.14,865.00,18.00,18.00
6.00,1150.00,4.92,0.25,1.24,905.00,18.00,18.00
6.00,1150.00,4.90,0.25,1.22,912.50,18.00,18.00
6.00,1150.00,4.95,0.25,1.23,910.00,18.00,18.00
6.00,1150.00,4.89,0.25,1.23,920.00,18.00,18.00
6.00,1150.00,4.92,0.25,1.22,915.00,18.00,18.00
6.00,1150.00,4.88,0.25,1.23,905.00,18.00,18.00
6.00,1150.00,4.97,0.25,1.24,927.50,18.00,18.00
6.00,1150.00,4.99,0.25,1.24,927.50,18.00,18.00
6.00,1150.00,4.96,0.25,1.24,907.50,18.00,18.00
6.00,1150.00,4.91,0.25,1.24,920.00,18.00,18.00
6.00,1150.00,4.98,0.25,1.25,910.00,18.00,18.00
6.00,1150.00,4.99,0.25,1.28,915.00,18.00,18.00
6.00,1150.00,4.97,0.26,1.29,917.50,18.00,18.00
6.00,1150.00,5.01,0.26,1.29,912.50,18.00,18.00
6.00,1150.00,5.00,0.26,1.28,920.00,18.00,18.00
6.00,1150.00,4.95,0.26,1.28,932.50,18.00,18.00
6.00,1150.00,4.99,0.26,1.27,920.00,18.00,18.00
6.00,1150.00,5.00,0.26,1.29,927.50,18.00,18.00
6.00,1150.00,5.05,0.26,1.29,957.50,18.00,18.00
6.00,1150.00,5.07,0.26,1.32,940.00,18.00,18.00
6.00,1180.00,4.96,0.26,1.28,930.00,18.00,18.00
6.00,1180.00,4.86,0.25,1.23,917.50,18.00,18.00
6.00,1180.00,4.83,0.25,1.18,897.50,18.00,18.00
6.00,1180.00,4.68,0.25,1.15,887.50,18.00,18.00
6.00,1180.00,4.61,0.24,1.10,875.00,18.00,18.00
6.00,1180.00,4.51,0.24,1.06,855.00,18.00,18.00
6.00,1180.00,4.54,0.23,1.05,847.50,18.00,18.00
6.00,1180.00,4.46,0.23,1.04,852.50,18.00,18.00
6.00,1180.00,4.43,0.23,1.02,837.50,18.00,18.00
6.00,1180.00,4.40,0.23,1.00,835.00,18.00,18.00
6.00,1180.00,4.35,0.23,0.99,827.50,18.00,18.00
6.00,1180.00,4.31,0.22,0.97,832.50,18.00,18.00
6.00,1180.00,4.32,0.22,0.97,822.50,18.00,18.00
6.00,1180.00,4.31,0.22,0.97,825.00,18.00,18.00
6.00,1180.00,4.33,0.22,0.96,822.50,18.00,18.00
6.00,1180.00,4.29,0.22,0.95,815.00,18.00,18.00
6.00,1180.00,4.24,0.22,0.95,825.00,18.00,18.00
6.00,1180.00,4.26,0.22,0.93,817.50,18.00,18.00
6.00,1180.00,4.24,0.22,0.93,820.00,18.00,18.00
6.00,1200.00,4.19,0.22,0.91,810.00,18.00,18.00
6.00,1200.00,4.09,0.21,0.87,805.00,18.00,18.00
6.00,1200.00,4.02,0.21,0.84,787.50,18.00,18.00
6.00,1200.00,3.96,0.20,0.79,770.00,18.00,18.00
6.00,1200.00,3.94,0.20,0.79,762.50,18.00,18.00
6.00,1200.00,3.91,0.20,0.77,762.50,18.00,18.00
6.00,1200.00,3.82,0.20,0.76,772.50,18.00,18.00
6.00,1200.00,3.82,0.20,0.74,742.50,18.00,18.00
6.00,1200.00,3.85,0.19,0.74,740.00,18.00,18.00
6.00,1200.00,3.74,0.19,0.72,740.00,18.00,18.00
6.00,1200.00,3.72,0.19,0.72,735.00,18.00,18.00
6.00,1200.00,3.73,0.19,0.70,732.50,18.00,18.00
6.00,1200.00,3.69,0.19,0.70,732.50,18.00,18.00
6.00,1200.00,3.74,0.19,0.70,735.00,18.00,18.00
6.00,1200.00,3.72,0.19,0.72,730.00,18.00,18.00
6.00,1200.00,3.69,0.19,0.69,730.00,18.00,18.00
6.00,1200.00,3.74,0.19,0.73,730.00,18.00,18.00
6.00,1200.00,3.72,0.19,0.70,730.00,18.00,18.00
6.00,1200.00,3.71,0.19,0.70,730.00,18.00,18.00
6.00,1250.00,3.55,0.18,0.65,725.00,18.00,18.00
6.00,1250.00,3.33,0.17,0.56,687.50,18.00,18.00
6.00,1250.00,3.06,0.16,0.52,672.50,18.00,18.00
6.00,1250.00,2.92,0.15,0.46,637.50,18.00,18.00
6.00,1250.00,2.95,0.14,0.40,612.50,18.00,18.00
6.00,1250.00,2.64,0.13,0.38,605.00,18.00,18.00
6.00,1250.00,2.63,0.13,0.36,575.00,18.00,18.00
6.00,1250.00,2.42,0.13,0.35,565.00,18.00,18.00
6.00,1250.00,2.38,0.12,0.32,552.50,18.00,18.00
6.00,1250.00,2.35,0.12,0.29,547.50,18.00,18.00
6.00,1250.00,2.45,0.12,0.28,537.50,18.00,18.00
6.00,1250.00,2.39,0.12,0.28,530.00,18.00,18.00
6.00,1250.00,2.43,0.11,0.26,527.50,18.00,18.00
6.00,1250.00,2.33,0.11,0.27,522.50,18.00,18.00
6.00,1250.00,2.33,0.12,0.26,520.00,18.00,18.00
6.00,1250.00,2.33,0.11,0.27,517.50,18.00,18.00
6.00,1250.00,2.38,0.12,0.26,517.50,18.00,18.00
6.00,1250.00,2.19,0.12,0.24,515.00,18.00,18.00
6.00,1250.00,2.39,0.11,0.27,515.00,18.00,18.00
6.00,1300.00,2.08,0.11,0.23,510.00,18.00,18.00
6.00,1300.00,1.92,0.11,0.20,490.00,18.00,18.00
6.00,1300.00,1.83,0.10,0.17,465.00,18.00,18.00
6.00,1300.00,1.83,0.09,0.15,447.50,18.00,18.00
6.00,1300.00,1.71,0.08,0.14,432.50,18.00,18.00
6.00,1300.00,1.58,0.08,0.13,420.00,18.00,18.00
6.00,1300.00,1.64,0.08,0.13,412.50,18.00,18.00
6.00,1300.00,1.67,0.07,0.12,410.00,18.00,18.00
6.00,1300.00,1.56,0.08,0.12,405.00,18.00,18.00
6.00,1300.00,1.45,0.08,0.12,402.50,18.00,18.00
6.00,1300.00,1.40,0.08,0.12,397.50,18.00,18.00
6.00,1300.00,1.44,0.07,0.10,397.50,18.00,18.00
6.00,1300.00,1.38,0.08,0.12,397.50,18.00,18.00
6.00,1300.00,1.46,0.07,0.10,395.00,18.00,18.00
6.00,1300.00,1.46,0.08,0.10,392.50,18.00,18.00
6.00,1300.00,1.57,0.07,0.10,395.00,18.00,18.00
6.00,1300.00,1.47,0.07,0.10,395.00,18.00,18.00
6.00,1300.00,1.50,0.07,0.10,392.50,18.00,18.00
6.00,1300.00,1.57,0.07,0.10,392.50,18.00,18.00
6.00,1350.00,1.50,0.07,0.09,392.50,18.00,18.00
6.00,1350.00,1.40,0.06,0.08,375.00,18.00,18.00
6.00,1350.00,1.13,0.06,0.08,362.50,18.00,18.00
6.00,1350.00,1.08,0.06,0.06,352.50,18.00,18.00
6.00,1350.00,1.07,0.06,0.05,340.00,18.00,18.00
6.00,1350.00,1.12,0.05,0.05,332.50,18.00,18.00
6.00,1350.00,0.93,0.05,0.05,327.50,18.00,18.00
6.00,1350.00,0.95,0.05,0.05,325.00,18.00,18.00
6.00,1350.00,1.04,0.05,0.05,320.00,18.00,18.00
6.00,1350.00,0.96,0.05,0.05,317.50,18.00,18.00
6.00,1350.00,0.98,0.04,0.05,317.50,18.00,18.00
6.00,1350.00,1.05,0.04,0.04,317.50,18.00,18.00
6.00,1350.00,1.06,0.05,0.04,317.50,18.00,18.00
6.00,1350.00,0.90,0.05,0.04,315.00,18.00,18.00
6.00,1350.00,0.97,0.04,0.04,312.50,18.00,18.00
6.00,1350.00,1.02,0.04,0.04,312.50,18.00,18.00
6.00,1350.00,0.87,0.05,0.04,312.50,18.00,18.00
6.00,1350.00,1.03,0.04,0.05,312.50,18.00,18.00
6.00,1400.00,0.81,0.05,0.04,312.50,18.00,18.00
6.00,1400.00,0.92,0.04,0.04,302.50,18.00,18.00
6.00,1400.00,0.71,0.03,0.03,287.50,18.00,18.00
6.00,1400.00,0.73,0.03,0.03,277.50,18.00,18.00
6.00,1400.00,0.61,0.03,0.03,270.00,18.00,18.00
6.00,1400.00,0.64,0.03,0.01,262.50,18.00,18.00
6.00,1400.00,0.65,0.03,0.01,255.00,18.00,18.00
6.00,1400.00,0.54,0.02,0.01,255.00,18.00,18.00
6.00,1400.00,0.58,0.02,0.01,250.00,18.00,18.00
6.00,1400.00,0.63,0.03,0.01,252.50,18.00,18.00
6.00,1400.00,0.53,0.03,0.01,250.00,18.00,18.00
6.00,1400.00,0.56,0.02,0.01,252.50,18.00,18.00
6.00,1400.00,0.48,0.03,0.01,250.00,18.00,18.00
6.00,1400.00,0.58,0.03,0.01,247.50,18.00,18.00
6.00,1400.00,0.56,0.03,0.01,250.00,18.00,18.00
6.00,1400.00,0.50,0.03,0.01,247.50,18.00,18.00
6.00,1400.00,0.44,0.03,0.01,247.50,18.00,18.00
6.00,1400.00,0.44,0.03,0.01,247.50,18.00,18.00
6.00,1400.00,0.57,0.03,0.01,250.00,18.00,18.00
6.00,1450.00,0.57,0.03,0.01,250.00,18.00,18.00
6.00,1450.00,0.62,0.02,0.01,250.00,18.00,18.00
6.00,1450.00,0.57,0.02,0.01,247.50,18.00,18.00
6.00,1450.00,0.45,0.03,0.01,250.00,18.00,18.00
6.00,1450.00,0.60,0.03,0.01,250.00,18.00,18.00
6.00,1450.00,0.61,0.02,0.01,250.00,18.00,18.00
6.00,1450.00,0.59,0.03,0.01,252.50,18.00,18.00
6.00,1450.00,0.56,0.03,0.01,250.00,18.00,18.00
6.00,1450.00,0.51,0.03,0.01,247.50,18.00,18.00
6.00,1450.00,0.45,0.03,0.01,247.50,18.00,18.00
6.00,1450.00,0.50,0.02,0.01,247.50,18.00,18.00
6.00,1450.00,0.46,0.03,0.01,250.00,18.00,18.00
6.00,1450.00,0.59,0.03,0.01,250.00,18.00,18.00
6.00,1450.00,0.62,0.03,0.01,250.00,18.00,18.00
6.00,1450.00,0.50,0.03,0.01,252.50,18.00,18.00
6.00,1450.00,0.46,0.03,0.01,250.00,18.00,18.00
6.00,1450.00,0.55,0.03,0.01,247.50,18.00,18.00
6.00,1450.00,0.58,0.02,0.01,245.00,18.00,18.00
6.00,1450.00,0.46,0.03,0.01,247.50,18.00,18.00
6.00,1480.00,0.56,0.02,0.01,247.50,18.00,18.00
6.00,1480.00,0.41,0.02,0.01,232.50,18.00,18.00
6.00,1480.00,0.26,0.01,0.00,215.00,18.00,18.00
6.00,1480.00,0.18,0.01,0.00,200.00,18.00,18.00
6.00,1480.00,0.15,0.01,0.00,192.50,18.00,18.00
6.00,1480.00,0.17,0.01,0.00,185.00,18.00,18.00
6.00,1480.00,0.13,0.00,0.00,180.00,18.00,18.00
6.00,1480.00,0.17,0.00,0.00,177.50,18.00,18.00
6.00,1480.00,0.10,0.00,0.00,175.00,18.00,18.00
6.00,1480.00,0.17,0.00,0.00,175.00,18.00,18.00
6.00,1480.00,0.16,0.01,0.00,175.00,18.00,18.00
6.00,1480.00,0.12,0.00,0.00,172.50,18.00,18.00
6.00,1480.00,0.10,0.00,0.00,172.50,18.00,18.00
6.00,1480.00,0.16,0.00,0.00,172.50,18.00,18.00
6.00,1480.00,0.09,0.00,0.00,170.00,18.00,18.00
6.00,1480.00,0.16,0.00,0.00,170.00,18.00,18.00
6.00,1480.00,0.09,0.00,0.00,170.00,18.00,18.00
6.00,1480.00,0.16,0.01,0.00,170.00,18.00,18.00
6.00,1480.00,0.16,0.00,0.00,170.00,18.00,18.00
6.00,1480.00,0.10,0.00,0.00,172.50,18.00,18.00
6.00,1100.00,0.12,0.00,0.00,177.50,20.00,20.00
6.00,1100.00,0.30,0.01,0.00,187.50,20.00,20.00
6.00,1100.00,0.32,0.02,0.00,212.50,20.00,20.00
6.00,1100.00,0.63,0.03,0.01,242.50,20.00,20.00
6.00,1100.00,0.77,0.04,0.03,275.00,20.00,20.00
6.00,1100.00,1.01,0.06,0.05,317.50,20.00,20.00
6.00,1100.00,1.57,0.06,0.10,365.00,20.00,20.00
6.00,1100.00,1.76,0.09,0.17,425.00,20.00,20.00
6.00,1100.00,2.32,0.10,0.24,487.50,20.00,20.00
6.00,1100.00,2.53,0.13,0.33,540.00,20.00,20.00
6.00,1100.00,2.94,0.14,0.41,597.50,20.00,20.00
6.00,1100.00,3.23,0.15,0.49,637.50,20.00,20.00
6.00,1100.00,3.48,0.17,0.59,682.50,20.00,20.00
6.00,1100.00,3.78,0.18,0.69,722.50,20.00,20.00
6.00,1100.00,4.07,0.20,0.79,770.00,20.00,20.00
6.00,1100.00,4.26,0.20,0.87,800.00,20.00,20.00
6.00,1100.00,4.46,0.22,0.99,825.00,20.00,20.00
6.00,1100.00,4.62,0.22,1.02,850.00,20.00,20.00
6.00,1100.00,4.70,0.23,1.11,870.00,20.00,20.00
6.00,1150.00,4.98,0.24,1.20,930.00,20.00,20.00
6.00,1150.00,4.95,0.24,1.20,912.50,20.00,20.00
6.00,1150.00,4.88,0.24,1.16,915.00,20.00,20.00
6.00,1150.00,4.99,0.24,1.20,920.00,20.00,20.00
6.00,1150.00,4.93,0.24,1.18,910.00,20.00,20.00
6.00,1150.00,4.92,0.24,1.19,910.00,20.00,20.00
6.00,1150.00,5.04,0.24,1.23,920.00,20.00,20.00
6.00,1150.00,4.99,0.25,1.23,920.00,20.00,20.00
6.00,1150.00,4.97,0.24,1.22,927.50,20.00,20.00
6.00,1150.00,4.97,0.24,1.20,920.00,20.00,20.00
6.00,1150.00,5.04,0.25,1.25,920.00,20.00,20.00
6.00,1150.00,5.11,0.25,1.25,932.50,20.00,20.00
6.00,1150.00,5.09,0.25,1.28,927.50,20.00,20.00
6.00,1150.00,5.05,0.25,1.29,935.00,20.00,20.00
6.00,1150.00,5.10,0.25,1.25,935.00,20.00,20.00
6.00,1150.00,5.05,0.25,1.25,937.50,20.00,20.00
6.00,1150.00,5.19,0.25,1.29,937.50,20.00,20.00
6.00,1150.00,5.15,0.25,1.31,942.50,20.00,20.00
6.00,1150.00,5.13,0.25,1.32,942.50,20.00,20.00
6.00,1180.00,5.15,0.25,1.27,942.50,20.00,20.00
6.00,1180.00,4.95,0.25,1.23,937.50,20.00,20.00
6.00,1180.00,4.92,0.25,1.22,920.00,20.00,20.00
6.00,1180.00,4.88,0.23,1.13,905.00,20.00,20.00
6.00,1180.00,4.78,0.23,1.11,890.00,20.00,20.00
6.00,1180.00,4.68,0.23,1.06,875.00,20.00,20.00
6.00,1180.00,4.63,0.22,1.02,865.00,20.00,20.00
6.00,1180.00,4.55,0.22,1.01,865.00,20.00,20.00
6.00,1180.00,4.49,0.22,0.97,850.00,20.00,20.00
6.00,1180.00,4.42,0.22,0.96,837.50,20.00,20.00
6.00,1180.00,4.38,0.21,0.93,837.50,20.00,20.00
6.00,1180.00,4.39,0.21,0.92,827.50,20.00,20.00
6.00,1180.00,4.36,0.21,0.92,822.50,20.00,20.00
6.00,1180.00,4.34,0.21,0.91,825.00,20.00,20.00
6.00,1180.00,4.30,0.21,0.91,817.50,20.00,20.00
6.00,1180.00,4.34,0.21,0.91,817.50,20.00,20.00
6.00,1180.00,4.31,0.21,0.91,815.00,20.00,20.00
6.00,1180.00,4.24,0.21,0.90,817.50,20.00,20.00
6.00,1180.00,4.24,0.21,0.88,815.00,20.00,20.00
6.00,1200.00,4.21,0.21,0.88,810.00,20.00,20.00
6.00,1200.00,4.18,0.20,0.86,810.00,20.00,20.00
6.00,1200.00,4.04,0.20,0.79,790.00,20.00,20.00
6.00,1200.00,3.97,0.19,0.78,777.50,20.00,20.00
6.00,1200.00,3.94,0.20,0.77,765.00,20.00,20.00
6.00,1200.00,3.87,0.19,0.72,772.50,20.00,20.00
6.00,1200.00,3.83,0.18,0.69,747.50,20.00,20.00
6.00,1200.00,3.78,0.18,0.68,742.50,20.00,20.00
6.00,1200.00,3.81,0.18,0.69,737.50,20.00,20.00
6.00,1200.00,3.80,0.18,0.69,735.00,20.00,20.00
6.00,1200.00,3.74,0.18,0.67,737.50,20.00,20.00
6.00,1200.00,3.68,0.18,0.67,730.00,20.00,20.00
6.00,1200.00,3.81,0.18,0.69,735.00,20.00,20.00
6.00,1200.00,3.74,0.18,0.67,732.50,20.00,20.00
6.00,1200.00,3.71,0.18,0.67,735.00,20.00,20.00
6.00,1200.00,3.73,0.18,0.69,730.00,20.00,20.00
6.00,1200.00,3.71,0.18,0.67,730.00,20.00,20.00
6.00,1200.00,3.77,0.18,0.68,727.50,20.00,20.00
6.00,1200.00,3.80,0.18,0.68,727.50,20.00,20.00
6.00,1200.00,3.71,0.18,0.68,730.00,20.00,20.00
6.00,1250.00,3.54,0.17,0.60,712.50,20.00,20.00
6.00,1250.00,3.31,0.17,0.55,680.00,20.00,20.00
6.00,1250.00,3.11,0.15,0.46,657.50,20.00,20.00
6.00,1250.00,3.02,0.14,0.42,630.00,20.00,20.00
6.00,1250.00,2.93,0.14,0.40,607.50,20.00,20.00
6.00,1250.00,2.69,0.13,0.36,597.50,20.00,20.00
6.00,1250.00,2.61,0.13,0.35,590.00,20.00,20.00
6.00,1250.00,2.67,0.12,0.31,570.00,20.00,20.00
6.00,1250.00,2.52,0.13,0.31,562.50,20.00,20.00
6.00,1250.00,2.53,0.12,0.29,547.50,20.00,20.00
6.00,1250.00,2.56,0.12,0.28,550.00,20.00,20.00
6.00,1250.00,2.36,0.12,0.29,542.50,20.00,20.00
6.00,1250.00,2.33,0.12,0.27,542.50,20.00,20.00
6.00,1250.00,2.33,0.12,0.28,537.50,20.00,20.00
6.00,1250.00,2.32,0.12,0.28,535.00,20.00,20.00
6.00,1250.00,2.43,0.12,0.27,532.50,20.00,20.00
6.00,1250.00,2.28,0.11,0.28,530.00,20.00,20.00
6.00,1250.00,2.28,0.12,0.28,530.00,20.00,20.00
6.00,1250.00,2.39,0.12,0.26,527.50,20.00,20.00
6.00,1300.00,2.25,0.10,0.23,515.00,20.00,20.00
6.00,1300.00,2.07,0.09,0.20,490.00,20.00,20.00
6.00,1300.00,2.02,0.09,0.18,467.50,20.00,20.00
6.00,1300.00,1.76,0.09,0.15,452.50,20.00,20.00
6.00,1300.00,1.62,0.09,0.14,437.50,20.00,20.00
6.00,1300.00,1.58,0.08,0.13,425.00,20.00,20.00
6.00,1300.00,1.69,0.07,0.13,417.50,20.00,20.00
6.00,1300.00,1.50,0.08,0.12,410.00,20.00,20.00
6.00,1300.00,1.58,0.07,0.12,405.00,20.00,20.00
6.00,1300.00,1.64,0.07,0.12,402.50,20.00,20.00
6.00,1300.00,1.41,0.08,0.12,402.50,20.00,20.00
6.00,1300.00,1.37,0.08,0.10,400.00,20.00,20.00
6.00,1300.00,1.48,0.07,0.12,397.50,20.00,20.00
6.00,1300.00,1.61,0.06,0.10,400.00,20.00,20.00
6.00,1300.00,1.42,0.07,0.10,400.00,20.00,20.00
6.00,1300.00,1.53,0.07,0.10,400.00,20.00,20.00
6.00,1300.00,1.39,0.08,0.10,397.50,20.00,20.00
6.00,1300.00,1.39,0.08,0.10,395.00,20.00,20.00
6.00,1300.00,1.55,0.06,0.10,395.00,20.00,20.00
6.00,1350.00,1.30,0.07,0.09,390.00,20.00,20.00
6.00,1350.00,1.37,0.06,0.08,372.50,20.00,20.00
6.00,1350.00,1.09,0.06,0.06,360.00,20.00,20.00
6.00,1350.00,1.23,0.05,0.05,347.50,20.00,20.00
6.00,1350.00,1.20,0.05,0.05,337.50,20.00,20.00
6.00,1350.00,1.12,0.04,0.05,332.50,20.00,20.00
6.00,1350.00,1.08,0.05,0.05,327.50,20.00,20.00
6.00,1350.00,0.90,0.05,0.05,322.50,20.00,20.00
6.00,1350.00,0.92,0.05,0.05,322.50,20.00,20.00
6.00,1350.00,1.05,0.05,0.04,320.00,20.00,20.00
6.00,1350.00,1.05,0.04,0.04,317.50,20.00,20.00
6.00,1350.00,1.01,0.04,0.05,317.50,20.00,20.00
6.00,1350.00,1.07,0.04,0.04,315.00,20.00,20.00
6.00,1350.00,0.92,0.04,0.05,315.00,20.00,20.00
6.00,1350.00,0.87,0.05,0.04,315.00,20.00,20.00
6.00,1350.00,1.01,0.04,0.04,315.00,20.00,20.00
6.00,1350.00,1.04,0.04,0.04,315.00,20.00,20.00
6.00,1350.00,0.89,0.04,0.05,315.00,20.00,20.00
6.00,1350.00,1.02,0.05,0.04,315.00,20.00,20.00
6.00,1400.00,0.87,0.05,0.04,312.50,20.00,20.00
6.00,1400.00,0.75,0.04,0.04,300.00,20.00,20.00
6.00,1400.00,0.80,0.03,0.03,287.50,20.00,20.00
6.00,1400.00,0.74,0.03,0.03,272.50,20.00,20.00
6.00,1400.00,0.70,0.03,0.01,267.50,20.00,20.00
6.00,1400.00,0.64,0.03,0.01,260.00,20.00,20.00
6.00,1400.00,0.50,0.03,0.01,257.50,20.00,20.00
6.00,1400.00,0.53,0.03,0.01,257.50,20.00,20.00
6.00,1400.00,0.55,0.02,0.01,255.00,20.00,20.00
6.00,1400.00,0.56,0.03,0.01,252.50,20.00,20.00
6.00,1400.00,0.49,0.03,0.01,252.50,20.00,20.00
6.00,1400.00,0.63,0.02,0.01,252.50,20.00,20.00
6.00,1400.00,0.46,0.03,0.01,250.00,20.00,20.00
6.00,1400.00,0.63,0.03,0.01,250.00,20.00,20.00
6.00,1400.00,0.55,0.02,0.01,250.00,20.00,20.00
6.00,1400.00,0.49,0.03,0.01,247.50,20.00,20.00
6.00,1400.00,0.62,0.02,0.01,252.50,20.00,20.00
6.00,1400.00,0.49,0.02,0.01,250.00,20.00,20.00
6.00,1400.00,0.61,0.03,0.01,250.00,20.00,20.00
6.00,1450.00,0.59,0.02,0.01,250.00,20.00,20.00
6.00,1450.00,0.55,0.02,0.01,240.00,20.00,20.00
6.00,1450.00,0.37,0.02,0.01,235.00,20.00,20.00
6.00,1450.00,0.42,0.01,0.01,232.50,20.00,20.00
6.00,1450.00,0.37,0.02,0.01,227.50,20.00,20.00
6.00,1450.00,0.40,0.01,0.01,225.00,20.00,20.00
6.00,1450.00,0.39,0.01,0.01,225.00,20.00,20.00
6.00,1450.00,0.42,0.02,0.00,222.50,20.00,20.00
6.00,1450.00,0.43,0.01,0.01,220.00,20.00,20.00
6.00,1450.00,0.37,0.01,0.01,220.00,20.00,20.00
6.00,1450.00,0.34,0.01,0.01,220.00,20.00,20.00
6.00,1450.00,0.44,0.01,0.01,220.00,20.00,20.00
6.00,1450.00,0.43,0.01,0.00,220.00,20.00,20.00
6.00,1450.00,0.43,0.01,0.00,220.00,20.00,20.00
6.00,1450.00,0.33,0.01,0.00,217.50,20.00,20.00
6.00,1450.00,0.34,0.02,0.00,220.00,20.00,20.00
6.00,1450.00,0.43,0.02,0.01,220.00,20.00,20.00
6.00,1450.00,0.35,0.01,0.00,220.00,20.00,20.00
6.00,1450.00,0.39,0.01,0.00,217.50,20.00,20.00
6.00,1480.00,0.34,0.02,0.01,220.00,20.00,20.00
6.00,1480.00,0.27,0.01,0.00,210.00,20.00,20.00
6.00,1480.00,0.29,0.01,0.00,197.50,20.00,20.00
6.00,1480.00,0.21,0.01,0.00,190.00,20.00,20.00
6.00,1480.00,0.16,0.01,0.00,182.50,20.00,20.00
6.00,1480.00,0.15,0.00,0.00,177.50,20.00,20.00
6.00,1480.00,0.18,0.00,0.00,175.00,20.00,20.00
6.00,1480.00,0.10,0.01,0.00,175.00,20.00,20.00
6.00,1480.00,0.13,0.00,0.00,172.50,20.00,20.00
6.00,1480.00,0.12,0.00,0.00,172.50,20.00,20.00
6.00,1480.00,0.09,0.00,0.00,172.50,20.00,20.00
6.00,1480.00,0.15,0.00,0.00,172.50,20.00,20.00
6.00,1480.00,0.16,0.00,0.00,172.50,20.00,20.00
6.00,1480.00,0.09,0.00,0.00,170.00,20.00,20.00
6.00,1480.00,0.12,0.00,0.00,172.50,20.00,20.00
6.00,1480.00,0.16,0.00,0.00,170.00,20.00,20.00
6.00,1480.00,0.09,0.00,0.00,170.00,20.00,20.00
6.00,1480.00,0.17,0.00,0.00,170.00,20.00,20.00
6.00,1480.00,0.10,0.00,0.00,172.50,20.00,20.00
6.00,1100.00,0.17,0.00,0.00,172.50,25.00,25.00
6.00,1100.00,0.19,0.00,0.00,182.50,25.00,25.00
6.00,1100.00,0.30,0.01,0.00,202.50,25.00,25.00
6.00,1100.00,0.60,0.02,0.01,230.00,25.00,25.00
6.00,1100.00,0.66,0.03,0.03,262.50,25.00,25.00
6.00,1100.00,1.04,0.04,0.04,302.50,25.00,25.00
6.00,1100.00,1.36,0.05,0.06,345.00,25.00,25.00
6.00,1100.00,1.69,0.06,0.12,400.00,25.00,25.00
6.00,1100.00,2.11,0.08,0.17,462.50,25.00,25.00
6.00,1100.00,2.58,0.10,0.23,520.00,25.00,25.00
6.00,1100.00,2.78,0.11,0.31,577.50,25.00,25.00
6.00,1100.00,3.26,0.12,0.40,617.50,25.00,25.00
6.00,1100.00,3.45,0.14,0.47,667.50,25.00,25.00
6.00,1100.00,3.75,0.15,0.56,720.00,25.00,25.00
6.00,1100.00,4.03,0.16,0.64,757.50,25.00,25.00
6.00,1100.00,4.35,0.17,0.74,805.00,25.00,25.00
6.00,1100.00,4.50,0.18,0.81,827.50,25.00,25.00
6.00,1100.00,4.68,0.19,0.87,857.50,25.00,25.00
6.00,1100.00,4.76,0.19,0.90,887.50,25.00,25.00
6.00,1100.00,4.95,0.19,0.97,900.00,25.00,25.00
6.00,1150.00,5.00,0.20,1.00,937.50,25.00,25.00
6.00,1150.00,5.16,0.20,1.05,942.50,25.00,25.00
6.00,1150.00,5.10,0.20,1.02,927.50,25.00,25.00
6.00,1150.00,5.14,0.20,1.00,942.50,25.00,25.00
6.00,1150.00,5.12,0.20,1.01,937.50,25.00,25.00
6.00,1150.00,5.13,0.20,1.01,935.00,25.00,25.00
6.00,1150.00,5.20,0.20,1.02,940.00,25.00,25.00
6.00,1150.00,5.17,0.20,1.04,950.00,25.00,25.00
6.00,1150.00,5.19,0.20,1.04,940.00,25.00,25.00
6.00,1150.00,5.14,0.20,1.06,932.50,25.00,25.00
6.00,1150.00,5.17,0.20,1.06,940.00,25.00,25.00
6.00,1150.00,5.23,0.21,1.08,960.00,25.00,25.00
6.00,1150.00,5.19,0.20,1.05,940.00,25.00,25.00
6.00,1150.00,5.21,0.21,1.09,940.00,25.00,25.00
6.00,1150.00,5.24,0.21,1.08,952.50,25.00,25.00
6.00,1150.00,5.22,0.21,1.06,940.00,25.00,25.00
6.00,1150.00,5.21,0.21,1.08,945.00,25.00,25.00
6.00,1150.00,5.09,0.20,1.08,945.00,25.00,25.00
6.00,1150.00,5.18,0.20,1.05,942.50,25.00,25.00
6.00,1180.00,5.09,0.20,1.02,940.00,25.00,25.00
6.00,1180.00,5.07,0.20,1.01,932.50,25.00,25.00
6.00,1180.00,4.87,0.19,0.93,910.00,25.00,25.00
6.00,1180.00,4.84,0.19,0.95,905.00,25.00,25.00
6.00,1180.00,4.74,0.19,0.90,885.00,25.00,25.00
6.00,1180.00,4.73,0.19,0.90,882.50,25.00,25.00
6.00,1180.00,4.68,0.18,0.86,870.00,25.00,25.00
6.00,1180.00,4.66,0.18,0.84,870.00,25.00,25.00
6.00,1180.00,4.59,0.19,0.83,857.50,25.00,25.00
6.00,1180.00,4.57,0.18,0.84,855.00,25.00,25.00
6.00,1180.00,4.59,0.18,0.83,852.50,25.00,25.00
6.00,1180.00,4.57,0.18,0.82,847.50,25.00,25.00
6.00,1180.00,4.56,0.18,0.82,850.00,25.00,25.00
6.00,1180.00,4.50,0.18,0.81,845.00,25.00,25.00
6.00,1180.00,4.51,0.18,0.81,845.00,25.00,25.00
6.00,1180.00,4.49,0.18,0.79,847.50,25.00,25.00
6.00,1180.00,4.53,0.18,0.81,845.00,25.00,25.00
6.00,1180.00,4.56,0.18,0.81,840.00,25.00,25.00
6.00,1180.00,4.51,0.18,0.81,840.00,25.00,25.00
6.00,1200.00,4.44,0.17,0.77,840.00,25.00,25.00
6.00,1200.00,4.38,0.17,0.76,822.50,25.00,25.00
6.00,1200.00,4.32,0.17,0.73,815.00,25.00,25.00
6.00,1200.00,4.18,0.17,0.70,812.50,25.00,25.00
6.00,1200.00,4.11,0.16,0.67,800.00,25.00,25.00
6.00,1200.00,4.09,0.16,0.65,787.50,25.00,25.00
6.00,1200.00,4.01,0.16,0.63,775.00,25.00,25.00
6.00,1200.00,4.01,0.15,0.60,762.50,25.00,25.00
6.00,1200.00,3.96,0.16,0.61,762.50,25.00,25.00
6.00,1200.00,3.92,0.16,0.60,757.50,25.00,25.00
6.00,1200.00,3.87,0.15,0.59,750.00,25.00,25.00
6.00,1200.00,3.82,0.15,0.59,747.50,25.00,25.00
6.00,1200.00,3.90,0.15,0.59,747.50,25.00,25.00
6.00,1200.00,3.86,0.15,0.60,750.00,25.00,25.00
6.00,1200.00,3.88,0.15,0.58,745.00,25.00,25.00
6.00,1200.00,3.84,0.15,0.58,745.00,25.00,25.00
6.00,1200.00,3.87,0.15,0.58,750.00,25.00,25.00
6.00,1200.00,3.85,0.15,0.59,745.00,25.00,25.00
6.00,1200.00,3.82,0.15,0.58,745.00,25.00,25.00
6.00,1250.00,3.63,0.14,0.51,752.50,25.00,25.00
6.00,1250.00,3.53,0.14,0.47,720.00,25.00,25.00
6.00,1250.00,3.34,0.13,0.42,682.50,25.00,25.00
6.00,1250.00,3.13,0.12,0.40,655.00,25.00,25.00
6.00,1250.00,3.05,0.12,0.36,637.50,25.00,25.00
6.00,1250.00,2.93,0.11,0.31,605.00,25.00,25.00
6.00,1250.00,2.68,0.10,0.29,590.00,25.00,25.00
6.00,1250.00,2.59,0.10,0.28,577.50,25.00,25.00
6.00,1250.00,2.53,0.10,0.27,572.50,25.00,25.00
6.00,1250.00,2.65,0.09,0.26,562.50,25.00,25.00
6.00,1250.00,2.46,0.10,0.24,552.50,25.00,25.00
6.00,1250.00,2.49,0.09,0.23,547.50,25.00,25.00
6.00,1250.00,2.56,0.09,0.23,542.50,25.00,25.00
6.00,1250.00,2.37,0.09,0.23,542.50,25.00,25.00
6.00,1250.00,2.35,0.09,0.22,540.00,25.00,25.00
6.00,1250.00,2.53,0.09,0.22,542.50,25.00,25.00
6.00,1250.00,2.55,0.09,0.22,540.00,25.00,25.00
6.00,1250.00,2.33,0.09,0.24,535.00,25.00,25.00
6.00,1250.00,2.55,0.09,0.22,535.00,25.00,25.00
6.00,1300.00,2.25,0.09,0.20,537.50,25.00,25.00
6.00,1300.00,2.13,0.09,0.18,505.00,25.00,25.00
6.00,1300.00,1.96,0.08,0.15,485.00,25.00,25.00
6.00,1300.00,1.79,0.08,0.14,460.00,25.00,25.00
6.00,1300.00,1.65,0.07,0.12,442.50,25.00,25.00
6.00,1300.00,1.59,0.07,0.10,427.50,25.00,25.00
6.00,1300.00,1.55,0.07,0.10,417.50,25.00,25.00
6.00,1300.00,1.48,0.06,0.09,410.00,25.00,25.00
6.00,1300.00,1.63,0.05,0.09,405.00,25.00,25.00
6.00,1300.00,1.45,0.06,0.09,405.00,25.00,25.00
6.00,1300.00,1.42,0.06,0.09,402.50,25.00,25.00
6.00,1300.00,1.62,0.05,0.09,397.50,25.00,25.00
6.00,1300.00,1.44,0.06,0.09,397.50,25.00,25.00
6.00,1300.00,1.41,0.06,0.09,397.50,25.00,25.00
6.00,1300.00,1.41,0.06,0.09,397.50,25.00,25.00
6.00,1300.00,1.52,0.05,0.09,395.00,25.00,25.00
6.00,1300.00,1.51,0.06,0.09,395.00,25.00,25.00
6.00,1300.00,1.49,0.05,0.09,395.00,25.00,25.00
6.00,1300.00,1.62,0.05,0.09,395.00,25.00,25.00
6.00,1350.00,1.44,0.06,0.08,395.00,25.00,25.00
6.00,1350.00,1.39,0.05,0.06,382.50,25.00,25.00
6.00,1350.00,1.38,0.04,0.06,367.50,25.00,25.00
6.00,1350.00,1.22,0.04,0.05,357.50,25.00,25.00
6.00,1350.00,1.27,0.04,0.05,347.50,25.00,25.00
6.00,1350.00,1.14,0.04,0.05,340.00,25.00,25.00
6.00,1350.00,1.17,0.04,0.04,332.50,25.00,25.00
6.00,1350.00,0.96,0.04,0.04,330.00,25.00,25.00
6.00,1350.00,0.98,0.04,0.04,327.50,25.00,25.00
6.00,1350.00,1.13,0.04,0.05,327.50,25.00,25.00
6.00,1350.00,0.97,0.04,0.04,327.50,25.00,25.00
6.00,1350.00,1.00,0.04,0.04,322.50,25.00,25.00
6.00,1350.00,1.06,0.04,0.04,322.50,25.00,25.00
6.00,1350.00,1.09,0.04,0.04,320.00,25.00,25.00
6.00,1350.00,0.95,0.04,0.04,320.00,25.00,25.00
6.00,1350.00,1.08,0.03,0.04,320.00,25.00,25.00
6.00,1350.00,0.95,0.04,0.04,317.50,25.00,25.00
6.00,1350.00,0.88,0.04,0.04,320.00,25.00,25.00
6.00,1350.00,0.94,0.04,0.04,320.00,25.00,25.00
6.00,1400.00,1.03,0.03,0.03,315.00,25.00,25.00
6.00,1400.00,0.87,0.03,0.03,305.00,25.00,25.00
6.00,1400.00,0.69,0.03,0.03,287.50,25.00,25.00
6.00,1400.00,0.65,0.03,0.03,280.00,25.00,25.00
6.00,1400.00,0.66,0.02,0.01,270.00,25.00,25.00
6.00,1400.00,0.63,0.02,0.01,262.50,25.00,25.00
6.00,1400.00,0.64,0.02,0.01,260.00,25.00,25.00
6.00,1400.00,0.53,0.02,0.01,257.50,25.00,25.00
6.00,1400.00,0.65,0.02,0.01,252.50,25.00,25.00
6.00,1400.00,0.63,0.02,0.01,252.50,25.00,25.00
6.00,1400.00,0.49,0.02,0.01,250.00,25.00,25.00
6.00,1400.00,0.61,0.02,0.01,250.00,25.00,25.00
6.00,1400.00,0.64,0.02,0.01,250.00,25.00,25.00
6.00,1400.00,0.61,0.02,0.01,250.00,25.00,25.00
6.00,1400.00,0.64,0.02,0.01,250.00,25.00,25.00
6.00,1400.00,0.63,0.02,0.01,250.00,25.00,25.00
6.00,1400.00,0.62,0.02,0.01,247.50,25.00,25.00
6.00,1400.00,0.58,0.01,0.01,250.00,25.00,25.00
6.00,1400.00,0.48,0.02,0.01,250.00,25.00,25.00
6.00,1400.00,0.46,0.02,0.01,250.00,25.00,25.00
6.00,1450.00,0.45,0.02,0.01,242.50,25.00,25.00
6.00,1450.00,0.35,0.01,0.01,230.00,25.00,25.00
6.00,1450.00,0.44,0.01,0.00,222.50,25.00,25.00
6.00,1450.00,0.29,0.01,0.00,215.00,25.00,25.00
6.00,1450.00,0.36,0.01,0.00,210.00,25.00,25.00
6.00,1450.00,0.28,0.01,0.00,207.50,25.00,25.00
6.00,1450.00,0.36,0.01,0.00,205.00,25.00,25.00
6.00,1450.00,0.27,0.01,0.00,205.00,25.00,25.00
6.00,1450.00,0.35,0.01,0.00,202.50,25.00,25.00
6.00,1450.00,0.28,0.01,0.00,202.50,25.00,25.00
6.00,1450.00,0.27,0.01,0.00,202.50,25.00,25.00
6.00,1450.00,0.31,0.01,0.00,200.00,25.00,25.00
6.00,1450.00,0.33,0.01,0.00,202.50,25.00,25.00
6.00,1450.00,0.30,0.01,0.00,202.50,25.00,25.00
6.00,1450.00,0.23,0.00,0.00,200.00,25.00,25.00
6.00,1450.00,0.33,0.01,0.00,200.00,25.00,25.00
6.00,1450.00,0.24,0.01,0.00,200.00,25.00,25.00
6.00,1450.00,0.28,0.01,0.00,200.00,25.00,25.00
6.00,1450.00,0.33,0.01,0.00,200.00,25.00,25.00
6.00,1480.00,0.24,0.01,0.00,200.00,25.00,25.00
6.00,1480.00,0.26,0.01,0.00,190.00,25.00,25.00
6.00,1480.00,0.21,0.00,0.00,185.00,25.00,25.00
6.00,1480.00,0.19,0.00,0.00,180.00,25.00,25.00
6.00,1480.00,0.12,0.00,0.00,175.00,25.00,25.00
6.00,1480.00,0.12,0.00,0.00,175.00,25.00,25.00
6.00,1480.00,0.15,0.00,0.00,172.50,25.00,25.00
6.00,1480.00,0.10,0.00,0.00,172.50,25.00,25.00
6.00,1480.00,0.12,-0.00,0.00,170.00,25.00,25.00
6.00,1480.00,0.17,0.00,0.00,167.50,25.00,25.00
6.00,1480.00,0.10,0.00,0.00,167.50,25.00,25.00
6.00,1480.00,0.13,0.00,0.00,170.00,25.00,25.00
6.00,1480.00,0.14,0.00,0.00,167.50,25.00,25.00
6.00,1480.00,0.09,0.00,0.00,167.50,25.00,25.00
6.00,1480.00,0.14,0.00,0.00,167.50,25.00,25.00
6.00,1480.00,0.09,0.00,0.00,170.00,25.00,25.00
6.00,1480.00,0.13,0.00,0.00,170.00,25.00,25.00
6.00,1480.00,0.15,0.00,0.00,170.00,25.00,25.00
6.00,1480.00,0.15,0.00,0.00,170.00,25.00,25.00
6.00,1100.00,0.22,0.00,0.00,172.50,30.00,30.00
6.00,1100.00,0.24,0.00,0.00,185.00,30.00,30.00
6.00,1100.00,0.45,0.01,0.00,205.00,30.00,30.00
6.00,1100.00,0.59,0.01,0.01,232.50,30.00,30.00
6.00,1100.00,0.83,0.02,0.01,265.00,30.00,30.00
6.00,1100.00,1.07,0.03,0.04,305.00,30.00,30.00
6.00,1100.00,1.46,0.04,0.05,352.50,30.00,30.00
6.00,1100.00,1.88,0.05,0.09,407.50,30.00,30.00
6.00,1100.00,2.30,0.06,0.14,470.00,30.00,30.00
6.00,1100.00,2.59,0.08,0.19,532.50,30.00,30.00
6.00,1100.00,2.94,0.08,0.23,582.50,30.00,30.00
6.00,1100.00,3.30,0.09,0.31,632.50,30.00,30.00
6.00,1100.00,3.63,0.10,0.37,680.00,30.00,30.00
6.00,1100.00,3.99,0.11,0.44,730.00,30.00,30.00
6.00,1100.00,4.20,0.12,0.47,775.00,30.00,30.00
6.00,1100.00,4.51,0.12,0.56,812.50,30.00,30.00
6.00,1100.00,4.66,0.13,0.60,850.00,30.00,30.00
6.00,1100.00,4.92,0.14,0.67,872.50,30.00,30.00
6.00,1100.00,4.94,0.14,0.69,902.50,30.00,30.00
6.00,1150.00,5.18,0.15,0.76,945.00,30.00,30.00
6.00,1150.00,5.19,0.15,0.78,945.00,30.00,30.00
6.00,1150.00,5.38,0.15,0.78,945.00,30.00,30.00
6.00,1150.00,5.23,0.15,0.77,957.50,30.00,30.00
6.00,1150.00,5.34,0.15,0.78,955.00,30.00,30.00
6.00,1150.00,5.35,0.15,0.81,950.00,30.00,30.00
6.00,1150.00,5.35,0.15,0.81,955.00,30.00,30.00
6.00,1150.00,5.30,0.15,0.78,952.50,30.00,30.00
6.00,1150.00,5.28,0.15,0.81,957.50,30.00,30.00
6.00,1150.00,5.28,0.15,0.82,960.00,30.00,30.00
6.00,1150.00,5.41,0.15,0.83,965.00,30.00,30.00
6.00,1150.00,5.32,0.15,0.81,975.00,30.00,30.00
6.00,1150.00,5.33,0.15,0.81,962.50,30.00,30.00
6.00,1150.00,5.33,0.15,0.82,967.50,30.00,30.00
6.00,1150.00,5.36,0.15,0.82,962.50,30.00,30.00
6.00,1150.00,5.42,0.15,0.84,972.50,30.00,30.00
6.00,1150.00,5.45,0.15,0.82,970.00,30.00,30.00
6.00,1150.00,5.45,0.15,0.81,967.50,30.00,30.00
6.00,1150.00,5.44,0.15,0.82,982.50,30.00,30.00
6.00,1180.00,5.42,0.15,0.79,982.50,30.00,30.00
6.00,1180.00,5.34,0.15,0.82,957.50,30.00,30.00
6.00,1180.00,5.30,0.15,0.77,950.00,30.00,30.00
6.00,1180.00,5.13,0.14,0.74,937.50,30.00,30.00
6.00,1180.00,5.05,0.14,0.72,930.00,30.00,30.00
6.00,1180.00,5.05,0.14,0.70,937.50,30.00,30.00
6.00,1180.00,4.90,0.14,0.68,907.50,30.00,30.00
6.00,1180.00,4.93,0.14,0.68,895.00,30.00,30.00
6.00,1180.00,4.84,0.14,0.67,892.50,30.00,30.00
6.00,1180.00,4.82,0.14,0.65,887.50,30.00,30.00
6.00,1180.00,4.78,0.13,0.64,880.00,30.00,30.00
6.00,1180.00,4.78,0.13,0.64,882.50,30.00,30.00
6.00,1180.00,4.70,0.13,0.63,870.00,30.00,30.00
6.00,1180.00,4.67,0.13,0.63,870.00,30.00,30.00
6.00,1180.00,4.67,0.13,0.63,867.50,30.00,30.00
6.00,1180.00,4.72,0.13,0.61,860.00,30.00,30.00
6.00,1180.00,4.68,0.13,0.61,857.50,30.00,30.00
6.00,1180.00,4.62,0.13,0.61,855.00,30.00,30.00
6.00,1180.00,4.62,0.13,0.60,860.00,30.00,30.00
6.00,1180.00,4.64,0.13,0.61,855.00,30.00,30.00
6.00,1200.00,4.58,0.13,0.59,860.00,30.00,30.00
6.00,1200.00,4.50,0.12,0.56,840.00,30.00,30.00
6.00,1200.00,4.38,0.12,0.54,825.00,30.00,30.00
6.00,1200.00,4.32,0.12,0.52,812.50,30.00,30.00
6.00,1200.00,4.25,0.12,0.50,812.50,30.00,30.00
6.00,1200.00,4.14,0.12,0.49,790.00,30.00,30.00
6.00,1200.00,4.13,0.12,0.47,782.50,30.00,30.00
6.00,1200.00,4.11,0.11,0.47,777.50,30.00,30.00
6.00,1200.00,4.04,0.11,0.46,775.00,30.00,30.00
6.00,1200.00,4.08,0.12,0.46,772.50,30.00,30.00
6.00,1200.00,4.03,0.11,0.45,775.00,30.00,30.00
6.00,1200.00,4.09,0.11,0.46,782.50,30.00,30.00
6.00,1200.00,3.99,0.11,0.45,765.00,30.00,30.00
6.00,1200.00,4.04,0.11,0.45,767.50,30.00,30.00
6.00,1200.00,3.99,0.11,0.44,770.00,30.00,30.00
6.00,1200.00,3.95,0.11,0.45,760.00,30.00,30.00
6.00,1200.00,3.94,0.11,0.45,760.00,30.00,30.00
6.00,1200.00,3.95,0.11,0.44,762.50,30.00,30.00
6.00,1200.00,4.02,0.11,0.44,767.50,30.00,30.00
6.00,1250.00,3.71,0.10,0.38,752.50,30.00,30.00
6.00,1250.00,3.52,0.10,0.33,705.00,30.00,30.00
6.00,1250.00,3.32,0.09,0.31,677.50,30.00,30.00
6.00,1250.00,3.28,0.09,0.29,660.00,30.00,30.00
6.00,1250.00,2.91,0.08,0.24,640.00,30.00,30.00
6.00,1250.00,2.85,0.08,0.24,620.00,30.00,30.00
6.00,1250.00,2.91,0.08,0.20,602.50,30.00,30.00
6.00,1250.00,2.70,0.08,0.22,580.00,30.00,30.00
6.00,1250.00,2.73,0.07,0.19,577.50,30.00,30.00
6.00,1250.00,2.59,0.07,0.19,565.00,30.00,30.00
6.00,1250.00,2.52,0.07,0.19,562.50,30.00,30.00
6.00,1250.00,2.61,0.07,0.18,552.50,30.00,30.00
6.00,1250.00,2.67,0.07,0.17,552.50,30.00,30.00
6.00,1250.00,2.43,0.07,0.17,547.50,30.00,30.00
6.00,1250.00,2.61,0.07,0.18,542.50,30.00,30.00
6.00,1250.00,2.62,0.07,0.18,540.00,30.00,30.00
6.00,1250.00,2.45,0.07,0.18,540.00,30.00,30.00
6.00,1250.00,2.58,0.07,0.17,537.50,30.00,30.00
6.00,1250.00,2.57,0.06,0.17,542.50,30.00,30.00
6.00,1300.00,2.40,0.06,0.14,532.50,30.00,30.00
6.00,1300.00,2.11,0.06,0.13,502.50,30.00,30.00
6.00,1300.00,2.09,0.05,0.10,477.50,30.00,30.00
6.00,1300.00,1.87,0.05,0.09,457.50,30.00,30.00
6.00,1300.00,1.90,0.05,0.09,440.00,30.00,30.00
6.00,1300.00,1.81,0.04,0.08,427.50,30.00,30.00
6.00,1300.00,1.59,0.05,0.08,420.00,30.00,30.00
6.00,1300.00,1.75,0.04,0.08,415.00,30.00,30.00
6.00,1300.00,1.56,0.05,0.06,410.00,30.00,30.00
6.00,1300.00,1.60,0.04,0.06,405.00,30.00,30.00
6.00,1300.00,1.54,0.04,0.06,402.50,30.00,30.00
6.00,1300.00,1.63,0.04,0.06,400.00,30.00,30.00
6.00,1300.00,1.60,0.04,0.06,400.00,30.00,30.00
6.00,1300.00,1.64,0.04,0.06,400.00,30.00,30.00
6.00,1300.00,1.49,0.04,0.06,400.00,30.00,30.00
6.00,1300.00,1.45,0.04,0.06,395.00,30.00,30.00
6.00,1300.00,1.43,0.04,0.06,395.00,30.00,30.00
6.00,1300.00,1.60,0.04,0.06,395.00,30.00,30.00
6.00,1300.00,1.64,0.04,0.06,397.50,30.00,30.00
6.00,1350.00,1.55,0.04,0.05,395.00,30.00,30.00
6.00,1350.00,1.27,0.04,0.05,377.50,30.00,30.00
6.00,1350.00,1.24,0.04,0.05,365.00,30.00,30.00
6.00,1350.00,1.30,0.03,0.04,352.50,30.00,30.00
6.00,1350.00,1.12,0.03,0.04,342.50,30.00,30.00
6.00,1350.00,1.10,0.03,0.03,335.00,30.00,30.00
6.00,1350.00,1.17,0.03,0.04,332.50,30.00,30.00
6.00,1350.00,1.11,0.03,0.03,330.00,30.00,30.00
6.00,1350.00,1.07,0.03,0.03,330.00,30.00,30.00
6.00,1350.00,1.13,0.03,0.03,325.00,30.00,30.00
6.00,1350.00,0.96,0.03,0.03,322.50,30.00,30.00
6.00,1350.00,1.14,0.02,0.03,322.50,30.00,30.00
6.00,1350.00,0.94,0.03,0.03,322.50,30.00,30.00
6.00,1350.00,0.96,0.03,0.03,322.50,30.00,30.00
6.00,1350.00,1.07,0.03,0.03,322.50,30.00,30.00
6.00,1350.00,1.13,0.03,0.03,322.50,30.00,30.00
6.00,1350.00,1.10,0.02,0.03,322.50,30.00,30.00
6.00,1350.00,1.13,0.02,0.03,322.50,30.00,30.00
6.00,1350.00,1.14,0.02,0.03,320.00,30.00,30.00
6.00,1400.00,0.98,0.03,0.03,320.00,30.00,30.00
6.00,1400.00,0.96,0.02,0.01,305.00,30.00,30.00
6.00,1400.00,0.71,0.02,0.01,290.00,30.00,30.00
6.00,1400.00,0.83,0.02,0.01,282.50,30.00,30.00
6.00,1400.00,0.78,0.01,0.01,270.00,30.00,30.00
6.00,1400.00,0.67,0.01,0.01,262.50,30.00,30.00
6.00,1400.00,0.70,0.01,0.01,260.00,30.00,30.00
6.00,1400.00,0.65,0.01,0.01,257.50,30.00,30.00
6.00,1400.00,0.67,0.02,0.01,255.00,30.00,30.00
6.00,1400.00,0.68,0.01,0.01,255.00,30.00,30.00
6.00,1400.00,0.56,0.01,0.01,252.50,30.00,30.00
6.00,1400.00,0.68,0.01,0.01,252.50,30.00,30.00
6.00,1400.00,0.61,0.02,0.01,252.50,30.00,30.00
6.00,1400.00,0.52,0.02,0.01,252.50,30.00,30.00
6.00,1400.00,0.52,0.01,0.01,250.00,30.00,30.00
6.00,1400.00,0.52,0.01,0.01,252.50,30.00,30.00
6.00,1400.00,0.55,0.02,0.01,252.50,30.00,30.00
6.00,1400.00,0.55,0.01,0.01,255.00,30.00,30.00
6.00,1400.00,0.57,0.02,0.01,252.50,30.00,30.00
6.00,1450.00,0.55,0.01,0.01,252.50,30.00,30.00
6.00,1450.00,0.57,0.01,0.01,240.00,30.00,30.00
6.00,1450.00,0.37,0.01,0.00,227.50,30.00,30.00
6.00,1450.00,0.32,0.01,0.00,220.00,30.00,30.00
6.00,1450.00,0.34,0.00,0.00,212.50,30.00,30.00
6.00,1450.00,0.36,0.01,0.00,207.50,30.00,30.00
6.00,1450.00,0.25,0.01,0.00,205.00,30.00,30.00
6.00,1450.00,0.28,0.01,0.00,202.50,30.00,30.00
6.00,1450.00,0.28,0.00,0.00,202.50,30.00,30.00
6.00,1450.00,0.34,0.01,0.00,200.00,30.00,30.00
6.00,1450.00,0.31,0.00,0.00,200.00,30.00,30.00
6.00,1450.00,0.36,0.01,0.00,202.50,30.00,30.00
6.00,1450.00,0.30,0.01,0.00,200.00,30.00,30.00
6.00,1450.00,0.23,0.01,0.00,197.50,30.00,30.00
6.00,1450.00,0.22,0.00,0.00,197.50,30.00,30.00
6.00,1450.00,0.23,0.00,0.00,197.50,30.00,30.00
6.00,1450.00,0.24,0.01,0.00,197.50,30.00,30.00
6.00,1450.00,0.34,0.01,0.00,197.50,30.00,30.00
6.00,1450.00,0.27,0.01,0.00,197.50,30.00,30.00
6.00,1480.00,0.22,0.00,0.00,197.50,30.00,30.00
6.00,1480.00,0.29,0.00,0.00,192.50,30.00,30.00
6.00,1480.00,0.24,0.00,0.00,187.50,30.00,30.00
6.00,1480.00,0.16,0.00,0.00,182.50,30.00,30.00
6.00,1480.00,0.22,0.00,0.00,177.50,30.00,30.00
6.00,1480.00,0.14,0.00,0.00,175.00,30.00,30.00
6.00,1480.00,0.21,0.00,0.00,175.00,30.00,30.00
6.00,1480.00,0.22,0.00,0.00,172.50,30.00,30.00
6.00,1480.00,0.15,0.00,0.00,172.50,30.00,30.00
6.00,1480.00,0.14,0.00,0.00,172.50,30.00,30.00
6.00,1480.00,0.20,0.00,0.00,170.00,30.00,30.00
6.00,1480.00,0.12,0.00,0.00,170.00,30.00,30.00
6.00,1480.00,0.16,0.00,0.00,170.00,30.00,30.00
6.00,1480.00,0.11,0.00,0.00,170.00,30.00,30.00
6.00,1480.00,0.10,0.00,0.00,170.00,30.00,30.00
6.00,1480.00,0.10,0.00,0.00,167.50,30.00,30.00
6.00,1480.00,0.15,0.00,0.00,170.00,30.00,30.00
6.00,1480.00,0.20,0.00,0.00,170.00,30.00,30.00
6.00,1480.00,0.19,0.00,0.00,170.00,30.00,30.00
6.00,1100.00,0.16,0.00,0.00,170.00,35.00,35.00
6.00,1100.00,0.26,0.00,0.00,180.00,35.00,35.00
6.00,1100.00,0.32,0.01,0.00,200.00,35.00,35.00
6.00,1100.00,0.56,0.01,0.01,230.00,35.00,35.00
6.00,1100.00,0.86,0.02,0.01,262.50,35.00,35.00
6.00,1100.00,1.15,0.03,0.03,300.00,35.00,35.00
6.00,1100.00,1.47,0.04,0.05,347.50,35.00,35.00
6.00,1100.00,1.86,0.05,0.09,400.00,35.00,35.00
6.00,1100.00,2.23,0.06,0.13,462.50,35.00,35.00
6.00,1100.00,2.51,0.07,0.19,525.00,35.00,35.00
6.00,1100.00,2.87,0.08,0.23,582.50,35.00,35.00
6.00,1100.00,3.17,0.09,0.28,627.50,35.00,35.00
6.00,1100.00,3.69,0.10,0.37,677.50,35.00,35.00
6.00,1100.00,3.95,0.11,0.44,725.00,35.00,35.00
6.00,1100.00,4.23,0.12,0.50,770.00,35.00,35.00
6.00,1100.00,4.49,0.12,0.56,815.00,35.00,35.00
6.00,1100.00,4.68,0.13,0.61,850.00,35.00,35.00
6.00,1100.00,4.87,0.13,0.64,877.50,35.00,35.00
6.00,1100.00,4.96,0.14,0.69,895.00,35.00,35.00
6.00,1100.00,5.10,0.14,0.73,912.50,35.00,35.00
6.00,1150.00,5.20,0.15,0.76,962.50,35.00,35.00
6.00,1150.00,5.26,0.15,0.77,957.50,35.00,35.00
6.00,1150.00,5.23,0.15,0.78,950.00,35.00,35.00
6.00,1150.00,5.24,0.14,0.74,957.50,35.00,35.00
6.00,1150.00,5.20,0.15,0.76,947.50,35.00,35.00
6.00,1150.00,5.34,0.15,0.78,950.00,35.00,35.00
6.00,1150.00,5.26,0.15,0.77,950.00,35.00,35.00
6.00,1150.00,5.36,0.15,0.79,957.50,35.00,35.00
6.00,1150.00,5.33,0.15,0.79,955.00,35.00,35.00
6.00,1150.00,5.30,0.15,0.78,957.50,35.00,35.00
6.00,1150.00,5.44,0.15,0.81,975.00,35.00,35.00
6.00,1150.00,5.30,0.15,0.78,970.00,35.00,35.00
6.00,1150.00,5.34,0.15,0.79,967.50,35.00,35.00
6.00,1150.00,5.29,0.15,0.82,967.50,35.00,35.00
6.00,1150.00,5.47,0.15,0.82,962.50,35.00,35.00
6.00,1150.00,5.40,0.15,0.83,965.00,35.00,35.00
6.00,1150.00,5.45,0.15,0.83,977.50,35.00,35.00
6.00,1150.00,5.43,0.15,0.84,992.50,35.00,35.00
6.00,1150.00,5.42,0.15,0.83,975.00,35.00,35.00
6.00,1180.00,5.28,0.15,0.82,977.50,35.00,35.00
6.00,1180.00,5.30,0.15,0.78,957.50,35.00,35.00
6.00,1180.00,5.22,0.15,0.77,940.00,35.00,35.00
6.00,1180.00,5.12,0.14,0.72,927.50,35.00,35.00
6.00,1180.00,5.01,0.14,0.70,922.50,35.00,35.00
6.00,1180.00,4.93,0.14,0.67,907.50,35.00,35.00
6.00,1180.00,4.83,0.14,0.65,900.00,35.00,35.00
6.00,1180.00,4.85,0.14,0.65,885.00,35.00,35.00
6.00,1180.00,4.80,0.13,0.64,880.00,35.00,35.00
6.00,1180.00,4.76,0.13,0.63,877.50,35.00,35.00
6.00,1180.00,4.79,0.13,0.63,870.00,35.00,35.00
6.00,1180.00,4.75,0.13,0.63,870.00,35.00,35.00
6.00,1180.00,4.71,0.13,0.61,867.50,35.00,35.00
6.00,1180.00,4.69,0.13,0.61,880.00,35.00,35.00
6.00,1180.00,4.65,0.13,0.60,870.00,35.00,35.00
6.00,1180.00,4.70,0.13,0.60,860.00,35.00,35.00
6.00,1180.00,4.67,0.13,0.60,862.50,35.00,35.00
6.00,1180.00,4.61,0.13,0.59,857.50,35.00,35.00
6.00,1180.00,4.62,0.13,0.59,852.50,35.00,35.00
6.00,1200.00,4.57,0.13,0.58,860.00,35.00,35.00
6.00,1200.00,4.48,0.12,0.55,847.50,35.00,35.00
6.00,1200.00,4.36,0.12,0.54,830.00,35.00,35.00
6.00,1200.00,4.28,0.12,0.51,815.00,35.00,35.00
6.00,1200.00,4.22,0.12,0.50,807.50,35.00,35.00
6.00,1200.00,4.18,0.12,0.47,787.50,35.00,35.00
6.00,1200.00,4.17,0.11,0.46,782.50,35.00,35.00
6.00,1200.00,4.06,0.11,0.46,777.50,35.00,35.00
6.00,1200.00,4.05,0.11,0.46,770.00,35.00,35.00
6.00,1200.00,4.07,0.11,0.46,770.00,35.00,35.00
6.00,1200.00,4.01,0.11,0.44,762.50,35.00,35.00
6.00,1200.00,4.00,0.11,0.44,765.00,35.00,35.00
6.00,1200.00,3.98,0.11,0.45,757.50,35.00,35.00
6.00,1200.00,3.97,0.11,0.44,757.50,35.00,35.00
6.00,1200.00,3.95,0.11,0.44,752.50,35.00,35.00
6.00,1200.00,3.96,0.11,0.44,765.00,35.00,35.00
6.00,1200.00,3.86,0.11,0.41,752.50,35.00,35.00
6.00,1200.00,3.91,0.11,0.44,747.50,35.00,35.00
6.00,1200.00,3.96,0.11,0.44,747.50,35.00,35.00
6.00,1250.00,3.75,0.10,0.40,750.00,35.00,35.00
6.00,1250.00,3.60,0.10,0.35,707.50,35.00,35.00
6.00,1250.00,3.36,0.09,0.33,680.00,35.00,35.00
6.00,1250.00,3.21,0.09,0.27,672.50,35.00,35.00
6.00,1250.00,3.18,0.09,0.26,635.00,35.00,35.00
6.00,1250.00,2.89,0.08,0.24,615.00,35.00,35.00
6.00,1250.00,2.82,0.08,0.23,597.50,35.00,35.00
6.00,1250.00,2.87,0.07,0.22,597.50,35.00,35.00
6.00,1250.00,2.65,0.08,0.20,580.00,35.00,35.00
6.00,1250.00,2.76,0.07,0.19,572.50,35.00,35.00
6.00,1250.00,2.72,0.07,0.19,567.50,35.00,35.00
6.00,1250.00,2.66,0.07,0.18,562.50,35.00,35.00
6.00,1250.00,2.62,0.07,0.19,560.00,35.00,35.00
6.00,1250.00,2.73,0.07,0.19,557.50,35.00,35.00
6.00,1250.00,2.55,0.07,0.19,555.00,35.00,35.00
6.00,1250.00,2.55,0.07,0.19,552.50,35.00,35.00
6.00,1250.00,2.56,0.07,0.18,557.50,35.00,35.00
6.00,1250.00,2.64,0.07,0.18,547.50,35.00,35.00
6.00,1250.00,2.65,0.07,0.18,545.00,35.00,35.00
6.00,1300.00,2.34,0.07,0.15,540.00,35.00,35.00
6.00,1300.00,2.29,0.06,0.13,517.50,35.00,35.00
6.00,1300.00,2.17,0.05,0.12,492.50,35.00,35.00
6.00,1300.00,1.95,0.05,0.10,467.50,35.00,35.00
6.00,1300.00,1.77,0.05,0.09,450.00,35.00,35.00
6.00,1300.00,1.87,0.04,0.09,435.00,35.00,35.00
6.00,1300.00,1.60,0.05,0.08,425.00,35.00,35.00
6.00,1300.00,1.70,0.04,0.08,415.00,35.00,35.00
6.00,1300.00,1.57,0.05,0.08,410.00,35.00,35.00
6.00,1300.00,1.49,0.04,0.06,407.50,35.00,35.00
6.00,1300.00,1.64,0.04,0.06,405.00,35.00,35.00
6.00,1300.00,1.51,0.04,0.06,402.50,35.00,35.00
6.00,1300.00,1.66,0.04,0.06,400.00,35.00,35.00
6.00,1300.00,1.66,0.04,0.06,400.00,35.00,35.00
6.00,1300.00,1.53,0.04,0.06,400.00,35.00,35.00
6.00,1300.00,1.59,0.04,0.06,400.00,35.00,35.00
6.00,1300.00,1.46,0.04,0.06,400.00,35.00,35.00
6.00,1300.00,1.63,0.04,0.06,397.50,35.00,35.00
6.00,1300.00,1.64,0.04,0.06,397.50,35.00,35.00
6.00,1350.00,1.49,0.04,0.06,397.50,35.00,35.00
6.00,1350.00,1.49,0.03,0.05,382.50,35.00,35.00
6.00,1350.00,1.37,0.03,0.05,367.50,35.00,35.00
6.00,1350.00,1.33,0.03,0.04,357.50,35.00,35.00
6.00,1350.00,1.26,0.03,0.04,345.00,35.00,35.00
6.00,1350.00,1.02,0.03,0.03,337.50,35.00,35.00
6.00,1350.00,1.07,0.03,0.03,332.50,35.00,35.00
6.00,1350.00,1.12,0.03,0.03,330.00,35.00,35.00
6.00,1350.00,1.09,0.03,0.04,325.00,35.00,35.00
6.00,1350.00,1.11,0.02,0.03,325.00,35.00,35.00
6.00,1350.00,1.09,0.03,0.03,325.00,35.00,35.00
6.00,1350.00,0.95,0.03,0.03,322.50,35.00,35.00
6.00,1350.00,1.00,0.03,0.03,322.50,35.00,35.00
6.00,1350.00,0.96,0.03,0.03,320.00,35.00,35.00
6.00,1350.00,0.99,0.03,0.03,320.00,35.00,35.00
6.00,1350.00,1.13,0.02,0.03,320.00,35.00,35.00
6.00,1350.00,1.01,0.03,0.03,320.00,35.00,35.00
6.00,1350.00,1.09,0.02,0.03,322.50,35.00,35.00
6.00,1350.00,1.00,0.03,0.03,317.50,35.00,35.00
6.00,1400.00,0.95,0.03,0.03,320.00,35.00,35.00
6.00,1400.00,0.90,0.02,0.03,307.50,35.00,35.00
6.00,1400.00,0.76,0.02,0.01,295.00,35.00,35.00
6.00,1400.00,0.69,0.02,0.01,285.00,35.00,35.00
6.00,1400.00,0.80,0.01,0.01,275.00,35.00,35.00
6.00,1400.00,0.66,0.02,0.01,267.50,35.00,35.00
6.00,1400.00,0.75,0.02,0.01,265.00,35.00,35.00
6.00,1400.00,0.69,0.01,0.01,260.00,35.00,35.00
6.00,1400.00,0.59,0.02,0.01,257.50,35.00,35.00
6.00,1400.00,0.61,0.02,0.01,257.50,35.00,35.00
6.00,1400.00,0.56,0.02,0.01,255.00,35.00,35.00
6.00,1400.00,0.66,0.01,0.01,255.00,35.00,35.00
6.00,1400.00,0.57,0.02,0.01,255.00,35.00,35.00
6.00,1400.00,0.58,0.01,0.01,255.00,35.00,35.00
6.00,1400.00,0.68,0.02,0.01,252.50,35.00,35.00
6.00,1400.00,0.56,0.02,0.01,252.50,35.00,35.00
6.00,1400.00,0.54,0.01,0.01,252.50,35.00,35.00
6.00,1400.00,0.51,0.01,0.01,252.50,35.00,35.00
6.00,1400.00,0.60,0.02,0.01,252.50,35.00,35.00
6.00,1400.00,0.68,0.01,0.01,252.50,35.00,35.00
6.00,1450.00,0.55,0.01,0.00,245.00,35.00,35.00
6.00,1450.00,0.53,0.01,0.00,232.50,35.00,35.00
6.00,1450.00,0.39,0.01,0.00,222.50,35.00,35.00
6.00,1450.00,0.32,0.00,0.00,215.00,35.00,35.00
6.00,1450.00,0.28,0.01,0.00,210.00,35.00,35.00
6.00,1450.00,0.31,0.01,0.00,207.50,35.00,35.00
6.00,1450.00,0.33,0.00,0.00,202.50,35.00,35.00
6.00,1450.00,0.29,0.00,0.00,202.50,35.00,35.00
6.00,1450.00,0.35,0.00,0.00,200.00,35.00,35.00
6.00,1450.00,0.23,0.01,0.00,200.00,35.00,35.00
6.00,1450.00,0.31,0.01,0.00,200.00,35.00,35.00
6.00,1450.00,0.31,0.01,0.00,197.50,35.00,35.00
6.00,1450.00,0.22,0.00,0.00,197.50,35.00,35.00
6.00,1450.00,0.27,0.00,0.00,200.00,35.00,35.00
6.00,1450.00,0.29,0.00,0.00,197.50,35.00,35.00
6.00,1450.00,0.32,0.01,0.00,195.00,35.00,35.00
6.00,1450.00,0.27,0.01,0.00,197.50,35.00,35.00
6.00,1450.00,0.32,0.01,0.00,197.50,35.00,35.00
6.00,1450.00,0.34,0.00,0.00,200.00,35.00,35.00
6.00,1480.00,0.28,0.01,0.00,197.50,35.00,35.00
6.00,1480.00,0.21,0.00,0.00,190.00,35.00,35.00
6.00,1480.00,0.18,0.00,0.00,182.50,35.00,35.00
6.00,1480.00,0.21,0.00,0.00,180.00,35.00,35.00
6.00,1480.00,0.16,0.00,0.00,177.50,35.00,35.00
6.00,1480.00,0.19,0.00,0.00,175.00,35.00,35.00
6.00,1480.00,0.14,0.00,0.00,172.50,35.00,35.00
6.00,1480.00,0.13,0.00,0.00,172.50,35.00,35.00
6.00,1480.00,0.19,0.00,0.00,172.50,35.00,35.00
6.00,1480.00,0.20,0.00,0.00,170.00,35.00,35.00
6.00,1480.00,0.19,0.00,0.00,167.50,35.00,35.00
6.00,1480.00,0.15,0.00,0.00,167.50,35.00,35.00
6.00,1480.00,0.11,0.00,0.00,167.50,35.00,35.00
6.00,1480.00,0.13,-0.00,0.00,167.50,35.00,35.00
6.00,1480.00,0.19,0.00,0.00,167.50,35.00,35.00
6.00,1480.00,0.10,0.00,0.00,167.50,35.00,35.00
6.00,1480.00,0.17,0.00,0.00,167.50,35.00,35.00
6.00,1480.00,0.17,0.00,0.00,167.50,35.00,35.00
6.00,1480.00,0.16,0.00,0.00,167.50,35.00,35.00
6.00,1100.00,0.19,0.00,0.00,170.00,40.00,40.00
6.00,1100.00,0.23,0.00,0.00,180.00,40.00,40.00
6.00,1100.00,0.37,0.01,0.00,200.00,40.00,40.00
6.00,1100.00,0.56,0.01,0.00,227.50,40.00,40.00
6.00,1100.00,0.86,0.02,0.01,260.00,40.00,40.00
6.00,1100.00,1.14,0.02,0.03,300.00,40.00,40.00
6.00,1100.00,1.34,0.03,0.04,347.50,40.00,40.00
6.00,1100.00,1.91,0.04,0.08,402.50,40.00,40.00
6.00,1100.00,2.30,0.05,0.12,467.50,40.00,40.00
6.00,1100.00,2.67,0.06,0.15,535.00,40.00,40.00
6.00,1100.00,2.96,0.07,0.20,585.00,40.00,40.00
6.00,1100.00,3.21,0.08,0.27,630.00,40.00,40.00
6.00,1100.00,3.69,0.09,0.32,685.00,40.00,40.00
6.00,1100.00,3.99,0.10,0.40,730.00,40.00,40.00
6.00,1100.00,4.20,0.10,0.42,780.00,40.00,40.00
6.00,1100.00,4.47,0.11,0.49,820.00,40.00,40.00
6.00,1100.00,4.70,0.11,0.54,850.00,40.00,40.00
6.00,1100.00,4.92,0.12,0.58,872.50,40.00,40.00
6.00,1100.00,5.02,0.12,0.61,907.50,40.00,40.00
6.00,1150.00,5.23,0.13,0.69,945.00,40.00,40.00
6.00,1150.00,5.37,0.13,0.67,947.50,40.00,40.00
6.00,1150.00,5.31,0.13,0.69,952.50,40.00,40.00
6.00,1150.00,5.36,0.13,0.68,965.00,40.00,40.00
6.00,1150.00,5.37,0.13,0.70,955.00,40.00,40.00
6.00,1150.00,5.26,0.13,0.70,955.00,40.00,40.00
6.00,1150.00,5.33,0.13,0.70,965.00,40.00,40.00
6.00,1150.00,5.34,0.13,0.69,960.00,40.00,40.00
6.00,1150.00,5.36,0.13,0.72,960.00,40.00,40.00
6.00,1150.00,5.32,0.13,0.70,962.50,40.00,40.00
6.00,1150.00,5.48,0.13,0.73,977.50,40.00,40.00
6.00,1150.00,5.44,0.13,0.69,987.50,40.00,40.00
6.00,1150.00,5.31,0.13,0.72,967.50,40.00,40.00
6.00,1150.00,5.37,0.13,0.72,962.50,40.00,40.00
6.00,1150.00,5.43,0.13,0.73,967.50,40.00,40.00
6.00,1150.00,5.39,0.13,0.69,972.50,40.00,40.00
6.00,1150.00,5.34,0.13,0.72,972.50,40.00,40.00
6.00,1150.00,5.45,0.13,0.70,975.00,40.00,40.00
6.00,1150.00,5.45,0.14,0.73,972.50,40.00,40.00
6.00,1180.00,5.46,0.13,0.72,972.50,40.00,40.00
6.00,1180.00,5.28,0.13,0.68,962.50,40.00,40.00
6.00,1180.00,5.29,0.12,0.68,947.50,40.00,40.00
6.00,1180.00,5.23,0.13,0.68,937.50,40.00,40.00
6.00,1180.00,5.08,0.12,0.63,947.50,40.00,40.00
6.00,1180.00,5.00,0.12,0.59,912.50,40.00,40.00
6.00,1180.00,4.93,0.12,0.58,905.00,40.00,40.00
6.00,1180.00,4.91,0.12,0.59,897.50,40.00,40.00
6.00,1180.00,4.86,0.12,0.56,890.00,40.00,40.00
6.00,1180.00,4.81,0.12,0.55,885.00,40.00,40.00
6.00,1180.00,4.80,0.12,0.56,880.00,40.00,40.00
6.00,1180.00,4.72,0.12,0.54,882.50,40.00,40.00
6.00,1180.00,4.72,0.12,0.54,867.50,40.00,40.00
6.00,1180.00,4.71,0.12,0.54,870.00,40.00,40.00
6.00,1180.00,4.71,0.11,0.54,867.50,40.00,40.00
6.00,1180.00,4.69,0.12,0.54,867.50,40.00,40.00
6.00,1180.00,4.65,0.12,0.54,860.00,40.00,40.00
6.00,1180.00,4.69,0.11,0.54,860.00,40.00,40.00
6.00,1180.00,4.66,0.11,0.54,872.50,40.00,40.00
6.00,1180.00,4.71,0.11,0.54,865.00,40.00,40.00
6.00,1200.00,4.60,0.11,0.51,860.00,40.00,40.00
6.00,1200.00,4.55,0.11,0.50,860.00,40.00,40.00
6.00,1200.00,4.44,0.11,0.49,835.00,40.00,40.00
6.00,1200.00,4.34,0.10,0.46,820.00,40.00,40.00
6.00,1200.00,4.21,0.10,0.44,812.50,40.00,40.00
6.00,1200.00,4.22,0.10,0.42,792.50,40.00,40.00
6.00,1200.00,4.11,0.10,0.41,787.50,40.00,40.00
6.00,1200.00,4.13,0.10,0.41,777.50,40.00,40.00
6.00,1200.00,4.10,0.10,0.41,772.50,40.00,40.00
6.00,1200.00,4.07,0.10,0.40,772.50,40.00,40.00
6.00,1200.00,4.05,0.10,0.40,770.00,40.00,40.00
6.00,1200.00,4.10,0.10,0.40,767.50,40.00,40.00
6.00,1200.00,3.97,0.10,0.38,767.50,40.00,40.00
6.00,1200.00,4.03,0.10,0.40,772.50,40.00,40.00
6.00,1200.00,4.01,0.10,0.40,765.00,40.00,40.00
6.00,1200.00,4.03,0.10,0.40,765.00,40.00,40.00
6.00,1200.00,3.95,0.10,0.38,760.00,40.00,40.00
6.00,1200.00,3.99,0.10,0.38,755.00,40.00,40.00
6.00,1200.00,3.99,0.10,0.38,755.00,40.00,40.00
6.00,1250.00,3.72,0.09,0.33,742.50,40.00,40.00
6.00,1250.00,3.46,0.09,0.29,710.00,40.00,40.00
6.00,1250.00,3.33,0.08,0.27,675.00,40.00,40.00
6.00,1250.00,3.11,0.08,0.24,652.50,40.00,40.00
6.00,1250.00,3.14,0.07,0.22,627.50,40.00,40.00
6.00,1250.00,2.98,0.07,0.20,610.00,40.00,40.00
6.00,1250.00,2.77,0.07,0.19,597.50,40.00,40.00
6.00,1250.00,2.76,0.06,0.17,577.50,40.00,40.00
6.00,1250.00,2.64,0.06,0.18,570.00,40.00,40.00
6.00,1250.00,2.61,0.06,0.17,572.50,40.00,40.00
6.00,1250.00,2.71,0.06,0.15,572.50,40.00,40.00
6.00,1250.00,2.68,0.06,0.14,555.00,40.00,40.00
6.00,1250.00,2.65,0.06,0.15,560.00,40.00,40.00
6.00,1250.00,2.45,0.06,0.17,552.50,40.00,40.00
6.00,1250.00,2.47,0.06,0.17,555.00,40.00,40.00
6.00,1250.00,2.64,0.06,0.14,552.50,40.00,40.00
6.00,1250.00,2.58,0.06,0.14,545.00,40.00,40.00
6.00,1250.00,2.60,0.06,0.14,537.50,40.00,40.00
6.00,1250.00,2.55,0.06,0.15,557.50,40.00,40.00
6.00,1300.00,2.32,0.05,0.14,532.50,40.00,40.00
6.00,1300.00,2.09,0.05,0.12,505.00,40.00,40.00
6.00,1300.00,2.09,0.05,0.10,480.00,40.00,40.00
6.00,1300.00,2.03,0.04,0.09,462.50,40.00,40.00
6.00,1300.00,1.74,0.05,0.08,447.50,40.00,40.00
6.00,1300.00,1.86,0.04,0.06,435.00,40.00,40.00
6.00,1300.00,1.76,0.04,0.06,425.00,40.00,40.00
6.00,1300.00,1.78,0.04,0.06,422.50,40.00,40.00
6.00,1300.00,1.76,0.04,0.06,415.00,40.00,40.00
6.00,1300.00,1.74,0.04,0.06,412.50,40.00,40.00
6.00,1300.00,1.70,0.04,0.06,407.50,40.00,40.00
6.00,1300.00,1.72,0.04,0.06,405.00,40.00,40.00
6.00,1300.00,1.47,0.04,0.06,405.00,40.00,40.00
6.00,1300.00,1.51,0.04,0.06,402.50,40.00,40.00
6.00,1300.00,1.58,0.04,0.06,405.00,40.00,40.00
6.00,1300.00,1.70,0.03,0.05,402.50,40.00,40.00
6.00,1300.00,1.56,0.04,0.06,402.50,40.00,40.00
6.00,1300.00,1.54,0.04,0.06,405.00,40.00,40.00
6.00,1300.00,1.69,0.04,0.06,402.50,40.00,40.00
6.00,1350.00,1.50,0.04,0.05,400.00,40.00,40.00
6.00,1350.00,1.45,0.03,0.05,382.50,40.00,40.00
6.00,1350.00,1.39,0.03,0.04,370.00,40.00,40.00
6.00,1350.00,1.15,0.03,0.03,355.00,40.00,40.00
6.00,1350.00,1.06,0.03,0.03,347.50,40.00,40.00
6.00,1350.00,1.22,0.02,0.03,337.50,40.00,40.00
6.00,1350.00,1.19,0.02,0.03,332.50,40.00,40.00
6.00,1350.00,1.13,0.03,0.03,327.50,40.00,40.00
6.00,1350.00,1.07,0.03,0.03,325.00,40.00,40.00
6.00,1350.00,1.06,0.02,0.03,322.50,40.00,40.00
6.00,1350.00,1.06,0.03,0.03,322.50,40.00,40.00
6.00,1350.00,1.15,0.02,0.03,322.50,40.00,40.00
6.00,1350.00,1.07,0.02,0.03,322.50,40.00,40.00
6.00,1350.00,1.01,0.02,0.03,320.00,40.00,40.00
6.00,1350.00,0.96,0.02,0.03,322.50,40.00,40.00
6.00,1350.00,1.02,0.02,0.03,322.50,40.00,40.00
6.00,1350.00,1.10,0.02,0.03,320.00,40.00,40.00
6.00,1350.00,1.13,0.02,0.03,322.50,40.00,40.00
6.00,1350.00,1.16,0.02,0.03,320.00,40.00,40.00
6.00,1400.00,1.08,0.02,0.03,317.50,40.00,40.00
6.00,1400.00,0.84,0.02,0.01,305.00,40.00,40.00
6.00,1400.00,0.91,0.02,0.01,292.50,40.00,40.00
6.00,1400.00,0.83,0.01,0.01,277.50,40.00,40.00
6.00,1400.00,0.61,0.01,0.01,270.00,40.00,40.00
6.00,1400.00,0.63,0.01,0.01,262.50,40.00,40.00
6.00,1400.00,0.71,0.01,0.01,257.50,40.00,40.00
6.00,1400.00,0.68,0.01,0.01,255.00,40.00,40.00
6.00,1400.00,0.56,0.01,0.01,255.00,40.00,40.00
6.00,1400.00,0.67,0.01,0.00,252.50,40.00,40.00
6.00,1400.00,0.52,0.01,0.01,252.50,40.00,40.00
6.00,1400.00,0.69,0.01,0.01,250.00,40.00,40.00
6.00,1400.00,0.60,0.01,0.01,250.00,40.00,40.00
6.00,1400.00,0.62,0.01,0.00,250.00,40.00,40.00
6.00,1400.00,0.67,0.01,0.01,250.00,40.00,40.00
6.00,1400.00,0.50,0.01,0.00,250.00,40.00,40.00
6.00,1400.00,0.54,0.01,0.00,247.50,40.00,40.00
6.00,1400.00,0.56,0.01,0.01,250.00,40.00,40.00
6.00,1400.00,0.63,0.01,0.01,250.00,40.00,40.00
6.00,1450.00,0.58,0.01,0.00,247.50,40.00,40.00
6.00,1450.00,0.56,0.01,0.00,237.50,40.00,40.00
6.00,1450.00,0.47,0.01,0.00,225.00,40.00,40.00
6.00,1450.00,0.33,0.01,0.00,217.50,40.00,40.00
6.00,1450.00,0.38,0.00,0.00,212.50,40.00,40.00
6.00,1450.00,0.28,0.01,0.00,207.50,40.00,40.00
6.00,1450.00,0.27,0.01,0.00,205.00,40.00,40.00
6.00,1450.00,0.38,0.01,0.00,202.50,40.00,40.00
6.00,1450.00,0.26,0.01,0.00,202.50,40.00,40.00
6.00,1450.00,0.26,0.00,0.00,202.50,40.00,40.00
6.00,1450.00,0.25,0.00,0.00,200.00,40.00,40.00
6.00,1450.00,0.36,0.00,0.00,202.50,40.00,40.00
6.00,1450.00,0.32,0.00,0.00,202.50,40.00,40.00
6.00,1450.00,0.28,0.00,0.00,200.00,40.00,40.00
6.00,1450.00,0.33,0.01,0.00,200.00,40.00,40.00
6.00,1450.00,0.38,0.00,0.00,197.50,40.00,40.00
6.00,1450.00,0.30,0.00,0.00,200.00,40.00,40.00
6.00,1450.00,0.27,0.00,0.00,200.00,40.00,40.00
6.00,1450.00,0.37,0.00,0.00,200.00,40.00,40.00
6.00,1480.00,0.34,0.00,0.00,200.00,40.00,40.00
6.00,1480.00,0.26,0.01,0.00,195.00,40.00,40.00
6.00,1480.00,0.27,0.00,0.00,187.50,40.00,40.00
6.00,1480.00,0.16,0.00,0.00,182.50,40.00,40.00
6.00,1480.00,0.22,0.00,0.00,177.50,40.00,40.00
6.00,1480.00,0.14,0.00,0.00,175.00,40.00,40.00
6.00,1480.00,0.18,0.00,0.00,175.00,40.00,40.00
6.00,1480.00,0.16,0.00,0.00,172.50,40.00,40.00
6.00,1480.00,0.11,0.00,0.00,172.50,40.00,40.00
6.00,1480.00,0.12,0.00,0.00,170.00,40.00,40.00
6.00,1480.00,0.17,0.00,0.00,170.00,40.00,40.00
6.00,1480.00,0.18,0.00,0.00,170.00,40.00,40.00
6.00,1480.00,0.11,0.00,0.00,170.00,40.00,40.00
6.00,1480.00,0.18,0.00,0.00,170.00,40.00,40.00
6.00,1480.00,0.16,0.00,0.00,170.00,40.00,40.00
6.00,1480.00,0.12,0.00,0.00,170.00,40.00,40.00
6.00,1480.00,0.12,0.00,0.00,170.00,40.00,40.00
6.00,1480.00,0.14,-0.00,0.00,167.50,40.00,40.00
6.00,1480.00,0.12,0.00,0.00,170.00,40.00,40.00
6.00,1100.00,0.19,-0.00,0.00,170.00,45.00,45.00
6.00,1100.00,0.26,0.00,0.00,180.00,45.00,45.00
6.00,1100.00,0.39,0.01,0.00,200.00,45.00,45.00
6.00,1100.00,0.53,0.01,0.01,227.50,45.00,45.00
6.00,1100.00,0.73,0.02,0.01,260.00,45.00,45.00
6.00,1100.00,1.00,0.03,0.03,300.00,45.00,45.00
6.00,1100.00,1.26,0.03,0.04,347.50,45.00,45.00
6.00,1100.00,1.68,0.04,0.08,400.00,45.00,45.00
6.00,1100.00,2.30,0.05,0.12,462.50,45.00,45.00
6.00,1100.00,2.57,0.06,0.15,525.00,45.00,45.00
6.00,1100.00,2.93,0.07,0.22,577.50,45.00,45.00
6.00,1100.00,3.32,0.08,0.27,627.50,45.00,45.00
6.00,1100.00,3.53,0.09,0.31,677.50,45.00,45.00
6.00,1100.00,3.85,0.09,0.36,730.00,45.00,45.00
6.00,1100.00,4.25,0.10,0.44,770.00,45.00,45.00
6.00,1100.00,4.45,0.11,0.49,815.00,45.00,45.00
6.00,1100.00,4.65,0.11,0.54,842.50,45.00,45.00
6.00,1100.00,4.89,0.12,0.58,875.00,45.00,45.00
6.00,1100.00,4.94,0.12,0.60,892.50,45.00,45.00
6.00,1150.00,5.29,0.13,0.68,945.00,45.00,45.00
6.00,1150.00,5.31,0.13,0.69,962.50,45.00,45.00
6.00,1150.00,5.45,0.13,0.72,967.50,45.00,45.00
6.00,1150.00,5.43,0.13,0.73,970.00,45.00,45.00
6.00,1150.00,5.39,0.13,0.69,975.00,45.00,45.00
6.00,1150.00,5.49,0.13,0.73,977.50,45.00,45.00
6.00,1150.00,5.41,0.13,0.70,977.50,45.00,45.00
6.00,1150.00,5.48,0.13,0.73,972.50,45.00,45.00
6.00,1150.00,5.38,0.13,0.72,975.00,45.00,45.00
6.00,1150.00,5.39,0.13,0.72,972.50,45.00,45.00
6.00,1150.00,5.41,0.14,0.73,972.50,45.00,45.00
6.00,1150.00,5.51,0.14,0.74,980.00,45.00,45.00
6.00,1150.00,5.46,0.13,0.70,972.50,45.00,45.00
6.00,1150.00,5.41,0.14,0.74,967.50,45.00,45.00
6.00,1150.00,5.47,0.13,0.72,970.00,45.00,45.00
6.00,1150.00,5.45,0.14,0.73,967.50,45.00,45.00
6.00,1150.00,5.43,0.13,0.70,970.00,45.00,45.00
6.00,1150.00,5.36,0.13,0.72,962.50,45.00,45.00
6.00,1150.00,5.49,0.13,0.70,972.50,45.00,45.00
6.00,1180.00,5.24,0.13,0.70,965.00,45.00,45.00
6.00,1180.00,5.21,0.13,0.68,952.50,45.00,45.00
6.00,1180.00,5.20,0.13,0.67,935.00,45.00,45.00
6.00,1180.00,5.07,0.12,0.64,955.00,45.00,45.00
6.00,1180.00,5.02,0.12,0.60,920.00,45.00,45.00
6.00,1180.00,4.99,0.12,0.59,912.50,45.00,45.00
6.00,1180.00,4.89,0.12,0.58,915.00,45.00,45.00
6.00,1180.00,4.86,0.12,0.56,887.50,45.00,45.00
6.00,1180.00,4.79,0.12,0.56,887.50,45.00,45.00
6.00,1180.00,4.78,0.12,0.56,880.00,45.00,45.00
6.00,1180.00,4.83,0.12,0.56,882.50,45.00,45.00
6.00,1180.00,4.83,0.12,0.55,877.50,45.00,45.00
6.00,1180.00,4.76,0.12,0.55,875.00,45.00,45.00
6.00,1180.00,4.75,0.12,0.55,875.00,45.00,45.00
6.00,1180.00,4.73,0.11,0.54,867.50,45.00,45.00
6.00,1180.00,4.74,0.12,0.55,870.00,45.00,45.00
6.00,1180.00,4.74,0.12,0.55,885.00,45.00,45.00
6.00,1180.00,4.78,0.12,0.55,870.00,45.00,45.00
6.00,1180.00,4.78,0.12,0.55,877.50,45.00,45.00
6.00,1200.00,4.64,0.11,0.52,880.00,45.00,45.00
6.00,1200.00,4.59,0.11,0.51,855.00,45.00,45.00
6.00,1200.00,4.50,0.11,0.49,840.00,45.00,45.00
6.00,1200.00,4.40,0.11,0.47,825.00,45.00,45.00
6.00,1200.00,4.28,0.10,0.45,812.50,45.00,45.00
6.00,1200.00,4.28,0.10,0.44,810.00,45.00,45.00
6.00,1200.00,4.24,0.10,0.44,795.00,45.00,45.00
6.00,1200.00,4.16,0.10,0.41,795.00,45.00,45.00
6.00,1200.00,4.15,0.10,0.42,787.50,45.00,45.00
6.00,1200.00,4.11,0.10,0.41,787.50,45.00,45.00
6.00,1200.00,4.07,0.10,0.41,777.50,45.00,45.00
6.00,1200.00,4.05,0.10,0.40,767.50,45.00,45.00
6.00,1200.00,4.05,0.10,0.40,767.50,45.00,45.00
6.00,1200.00,3.98,0.10,0.38,760.00,45.00,45.00
6.00,1200.00,4.01,0.10,0.38,760.00,45.00,45.00
6.00,1200.00,4.05,0.10,0.38,767.50,45.00,45.00
6.00,1200.00,3.97,0.10,0.38,762.50,45.00,45.00
6.00,1200.00,3.98,0.09,0.38,762.50,45.00,45.00
6.00,1200.00,4.02,0.10,0.40,757.50,45.00,45.00
6.00,1250.00,3.72,0.09,0.35,750.00,45.00,45.00
6.00,1250.00,3.51,0.09,0.31,715.00,45.00,45.00
6.00,1250.00,3.47,0.08,0.29,685.00,45.00,45.00
6.00,1250.00,3.33,0.08,0.26,660.00,45.00,45.00
6.00,1250.00,3.06,0.07,0.23,642.50,45.00,45.00
6.00,1250.00,2.95,0.07,0.20,615.00,45.00,45.00
6.00,1250.00,2.80,0.07,0.19,627.50,45.00,45.00
6.00,1250.00,2.68,0.07,0.19,587.50,45.00,45.00
6.00,1250.00,2.70,0.06,0.18,577.50,45.00,45.00
6.00,1250.00,2.76,0.06,0.17,575.00,45.00,45.00
6.00,1250.00,2.60,0.06,0.17,585.00,45.00,45.00
6.00,1250.00,2.66,0.06,0.17,560.00,45.00,45.00
6.00,1250.00,2.73,0.06,0.15,562.50,45.00,45.00
6.00,1250.00,2.53,0.06,0.17,567.50,45.00,45.00
6.00,1250.00,2.68,0.06,0.15,555.00,45.00,45.00
6.00,1250.00,2.71,0.06,0.15,567.50,45.00,45.00
6.00,1250.00,2.49,0.06,0.15,550.00,45.00,45.00
6.00,1250.00,2.66,0.06,0.15,550.00,45.00,45.00
6.00,1250.00,2.66,0.06,0.15,552.50,45.00,45.00
6.00,1300.00,2.35,0.06,0.14,550.00,45.00,45.00
6.00,1300.00,2.17,0.05,0.12,515.00,45.00,45.00
6.00,1300.00,2.19,0.05,0.10,492.50,45.00,45.00
6.00,1300.00,2.09,0.05,0.09,472.50,45.00,45.00
6.00,1300.00,1.85,0.05,0.09,455.00,45.00,45.00
6.00,1300.00,1.68,0.04,0.08,440.00,45.00,45.00
6.00,1300.00,1.76,0.04,0.08,427.50,45.00,45.00
6.00,1300.00,1.81,0.04,0.06,425.00,45.00,45.00
6.00,1300.00,1.78,0.04,0.06,420.00,45.00,45.00
6.00,1300.00,1.57,0.04,0.06,412.50,45.00,45.00
6.00,1300.00,1.54,0.04,0.06,410.00,45.00,45.00
6.00,1300.00,1.53,0.04,0.06,407.50,45.00,45.00
6.00,1300.00,1.55,0.04,0.06,407.50,45.00,45.00
6.00,1300.00,1.53,0.04,0.06,407.50,45.00,45.00
6.00,1300.00,1.54,0.04,0.06,410.00,45.00,45.00
6.00,1300.00,1.54,0.04,0.06,407.50,45.00,45.00
6.00,1300.00,1.55,0.04,0.06,407.50,45.00,45.00
6.00,1300.00,1.60,0.04,0.06,407.50,45.00,45.00
6.00,1300.00,1.70,0.04,0.06,407.50,45.00,45.00
6.00,1350.00,1.42,0.04,0.05,407.50,45.00,45.00
6.00,1350.00,1.53,0.03,0.05,387.50,45.00,45.00
6.00,1350.00,1.44,0.03,0.04,372.50,45.00,45.00
6.00,1350.00,1.18,0.03,0.04,360.00,45.00,45.00
6.00,1350.00,1.32,0.02,0.03,347.50,45.00,45.00
6.00,1350.00,1.05,0.03,0.03,340.00,45.00,45.00
6.00,1350.00,1.14,0.02,0.03,332.50,45.00,45.00
6.00,1350.00,1.02,0.03,0.03,330.00,45.00,45.00
6.00,1350.00,1.17,0.02,0.03,327.50,45.00,45.00
6.00,1350.00,0.98,0.03,0.03,325.00,45.00,45.00
6.00,1350.00,1.14,0.02,0.03,322.50,45.00,45.00
6.00,1350.00,1.14,0.02,0.03,320.00,45.00,45.00
6.00,1350.00,1.12,0.02,0.03,320.00,45.00,45.00
6.00,1350.00,1.15,0.02,0.03,320.00,45.00,45.00
6.00,1350.00,1.10,0.02,0.03,322.50,45.00,45.00
6.00,1350.00,0.95,0.03,0.03,322.50,45.00,45.00
6.00,1350.00,1.11,0.02,0.03,322.50,45.00,45.00
6.00,1350.00,1.06,0.02,0.03,322.50,45.00,45.00
6.00,1350.00,0.99,0.03,0.03,322.50,45.00,45.00
6.00,1400.00,0.91,0.02,0.03,322.50,45.00,45.00
6.00,1400.00,1.00,0.02,0.01,307.50,45.00,45.00
6.00,1400.00,0.81,0.02,0.01,295.00,45.00,45.00
6.00,1400.00,0.84,0.01,0.01,285.00,45.00,45.00
6.00,1400.00,0.79,0.01,0.01,275.00,45.00,45.00
6.00,1400.00,0.73,0.01,0.01,267.50,45.00,45.00
6.00,1400.00,0.58,0.01,0.01,260.00,45.00,45.00
6.00,1400.00,0.70,0.01,0.01,260.00,45.00,45.00
6.00,1400.00,0.64,0.01,0.01,257.50,45.00,45.00
6.00,1400.00,0.72,0.01,0.01,255.00,45.00,45.00
6.00,1400.00,0.63,0.01,0.01,255.00,45.00,45.00
6.00,1400.00,0.63,0.01,0.01,255.00,45.00,45.00
6.00,1400.00,0.67,0.01,0.01,252.50,45.00,45.00
6.00,1400.00,0.58,0.01,0.01,255.00,45.00,45.00
6.00,1400.00,0.64,0.01,0.01,252.50,45.00,45.00
6.00,1400.00,0.69,0.01,0.01,255.00,45.00,45.00
6.00,1400.00,0.65,0.01,0.01,255.00,45.00,45.00
6.00,1400.00,0.58,0.01,0.01,255.00,45.00,45.00
6.00,1400.00,0.59,0.01,0.01,252.50,45.00,45.00
6.00,1450.00,0.67,0.01,0.00,252.50,45.00,45.00
6.00,1450.00,0.53,0.01,0.00,242.50,45.00,45.00
6.00,1450.00,0.38,0.01,0.00,230.00,45.00,45.00
6.00,1450.00,0.34,0.01,0.00,220.00,45.00,45.00
6.00,1450.00,0.30,0.01,0.00,212.50,45.00,45.00
6.00,1450.00,0.33,0.00,0.00,207.50,45.00,45.00
6.00,1450.00,0.38,0.00,0.00,205.00,45.00,45.00
6.00,1450.00,0.33,0.00,0.00,200.00,45.00,45.00
6.00,1450.00,0.33,0.01,0.00,200.00,45.00,45.00
6.00,1450.00,0.36,0.00,0.00,200.00,45.00,45.00
6.00,1450.00,0.32,0.00,0.00,200.00,45.00,45.00
6.00,1450.00,0.25,0.01,0.00,197.50,45.00,45.00
6.00,1450.00,0.30,0.00,0.00,197.50,45.00,45.00
6.00,1450.00,0.30,0.00,0.00,200.00,45.00,45.00
6.00,1450.00,0.28,0.00,0.00,197.50,45.00,45.00
6.00,1450.00,0.27,0.00,0.00,197.50,45.00,45.00
6.00,1450.00,0.25,0.00,0.00,197.50,45.00,45.00
6.00,1450.00,0.25,0.01,0.00,197.50,45.00,45.00
6.00,1450.00,0.31,0.00,0.00,200.00,45.00,45.00
6.00,1450.00,0.31,0.00,0.00,200.00,45.00,45.00
6.00,1480.00,0.25,0.00,0.00,195.00,45.00,45.00
6.00,1480.00,0.19,0.00,0.00,190.00,45.00,45.00
6.00,1480.00,0.17,0.00,0.00,185.00,45.00,45.00
6.00,1480.00,0.15,0.00,0.00,180.00,45.00,45.00
6.00,1480.00,0.14,0.00,0.00,177.50,45.00,45.00
6.00,1480.00,0.22,0.00,0.00,175.00,45.00,45.00
6.00,1480.00,0.22,0.00,0.00,175.00,45.00,45.00
6.00,1480.00,0.22,0.00,0.00,172.50,45.00,45.00
6.00,1480.00,0.21,0.00,0.00,172.50,45.00,45.00
6.00,1480.00,0.15,0.00,0.00,172.50,45.00,45.00
6.00,1480.00,0.17,0.00,0.00,170.00,45.00,45.00
6.00,1480.00,0.19,0.00,0.00,172.50,45.00,45.00
6.00,1480.00,0.14,0.00,0.00,172.50,45.00,45.00
6.00,1480.00,0.21,0.00,0.00,172.50,45.00,45.00
6.00,1480.00,0.15,0.00,0.00,172.50,45.00,45.00
6.00,1480.00,0.14,0.00,0.00,172.50,45.00,45.00
6.00,1480.00,0.19,0.00,0.00,172.50,45.00,45.00
6.00,1480.00,0.15,0.00,0.00,170.00,45.00,45.00
